,Type,Date,Open,High,Low,Close,Volume
18469,GBP/USD,2018-01-01,1.351607,1.351607,1.348199,1.351607,0.0
18470,GBP/USD,2018-01-02,1.351114,1.359675,1.350931,1.351132,0.0
18471,GBP/USD,2018-01-03,1.359453,1.36147,1.349874,1.359619,0.0
18472,GBP/USD,2018-01-04,1.351169,1.356116,1.350658,1.351132,0.0
18473,GBP/USD,2018-01-05,1.355381,1.358031,1.352667,1.355289,0.0
18474,GBP/USD,2018-01-08,1.357552,1.358548,1.352576,1.357589,0.0
18475,GBP/USD,2018-01-09,1.357018,1.358511,1.350986,1.357128,0.0
18476,GBP/USD,2018-01-10,1.35318,1.356024,1.348527,1.353235,0.0
18477,GBP/USD,2018-01-11,1.351297,1.355528,1.345931,1.351278,0.0
18478,GBP/USD,2018-01-12,1.354169,1.369488,1.354005,1.354188,0.0
18479,GBP/USD,2018-01-15,1.373155,1.38196,1.373155,1.373306,0.0
18480,GBP/USD,2018-01-16,1.379386,1.380643,1.374268,1.379824,0.0
18481,GBP/USD,2018-01-17,1.379691,1.384466,1.375857,1.379881,0.0
18482,GBP/USD,2018-01-18,1.38259,1.391014,1.380662,1.382801,0.0
18483,GBP/USD,2018-01-19,1.389371,1.3947,1.38437,1.389468,0.0
18484,GBP/USD,2018-01-22,1.388947,1.396921,1.385809,1.389159,0.0
18485,GBP/USD,2018-01-23,1.398484,1.402918,1.391788,1.398484,0.0
18486,GBP/USD,2018-01-24,1.401247,1.423974,1.400168,1.401738,0.0
18487,GBP/USD,2018-01-25,1.422374,1.433959,1.421666,1.422091,0.0
18488,GBP/USD,2018-01-26,1.415027,1.428123,1.414707,1.415027,0.0
18489,GBP/USD,2018-01-29,1.414927,1.415829,1.402721,1.414927,0.0
18490,GBP/USD,2018-01-30,1.407281,1.414988,1.398328,1.407658,0.0
18491,GBP/USD,2018-01-31,1.415308,1.422475,1.412988,1.415588,0.0
18492,GBP/USD,2018-02-01,1.420011,1.427328,1.41625,1.420051,0.0
18493,GBP/USD,2018-02-02,1.426717,1.427633,1.410437,1.426676,0.0
18494,GBP/USD,2018-02-05,1.411214,1.415027,1.398993,1.411134,0.0
18495,GBP/USD,2018-02-06,1.394117,1.399874,1.384045,1.394369,0.0
18496,GBP/USD,2018-02-07,1.395966,1.399228,1.387174,1.395868,0.0
18497,GBP/USD,2018-02-08,1.387925,1.406371,1.384811,1.387925,0.0
18498,GBP/USD,2018-02-09,1.393379,1.39866,1.378797,1.393495,0.0
18499,GBP/USD,2018-02-12,1.382552,1.387482,1.379862,1.382743,0.0
18500,GBP/USD,2018-02-13,1.384811,1.392409,1.383336,1.385233,0.0
18501,GBP/USD,2018-02-14,1.388696,1.398034,1.380701,1.388696,0.0
18502,GBP/USD,2018-02-15,1.401502,1.409841,1.400129,1.401581,0.0
18503,GBP/USD,2018-02-16,1.410576,1.414467,1.400639,1.410417,0.0
18504,GBP/USD,2018-02-19,1.403312,1.405284,1.396239,1.403154,0.0
18505,GBP/USD,2018-02-20,1.399267,1.402348,1.393379,1.399267,0.0
18506,GBP/USD,2018-02-21,1.399913,1.400953,1.391072,1.400109,0.0
18507,GBP/USD,2018-02-22,1.391014,1.395206,1.385809,1.391014,0.0
18508,GBP/USD,2018-02-23,1.395128,1.400482,1.392506,1.395303,0.0
18509,GBP/USD,2018-02-26,1.396921,1.407261,1.39334,1.396804,0.0
18510,GBP/USD,2018-02-27,1.396453,1.399443,1.386174,1.396648,0.0
18511,GBP/USD,2018-02-28,1.390337,1.391595,1.377771,1.390608,0.0
18512,GBP/USD,2018-03-01,1.375308,1.377714,1.371535,1.375421,0.0
18513,GBP/USD,2018-03-02,1.377467,1.381578,1.375932,1.377543,0.0
18514,GBP/USD,2018-03-05,1.379881,1.387732,1.376917,1.379501,0.0
18515,GBP/USD,2018-03-06,1.385003,1.392835,1.382055,1.385233,0.0
18516,GBP/USD,2018-03-07,1.390028,1.391014,1.384869,1.390009,0.0
18517,GBP/USD,2018-03-08,1.390627,1.391208,1.381464,1.390627,0.0
18518,GBP/USD,2018-03-09,1.380319,1.388657,1.37893,1.380567,0.0
18519,GBP/USD,2018-03-12,1.385809,1.390627,1.38439,1.38554,0.0
18520,GBP/USD,2018-03-13,1.390821,1.398797,1.387578,1.390763,0.0
18521,GBP/USD,2018-03-14,1.397253,1.399776,1.392699,1.397233,0.0
18522,GBP/USD,2018-03-15,1.397077,1.398797,1.392447,1.397155,0.0
18523,GBP/USD,2018-03-16,1.393787,1.398015,1.389256,1.393864,0.0
18524,GBP/USD,2018-03-19,1.39435,1.408748,1.391401,1.39435,0.0
18525,GBP/USD,2018-03-20,1.402328,1.406865,1.398543,1.402525,0.0
18526,GBP/USD,2018-03-21,1.400403,1.407895,1.400364,1.400482,0.0
18527,GBP/USD,2018-03-22,1.414427,1.41995,1.407955,1.414627,0.0
18528,GBP/USD,2018-03-23,1.411293,1.417093,1.408808,1.411472,0.0
18529,GBP/USD,2018-03-26,1.414627,1.424501,1.414627,1.414767,0.0
18530,GBP/USD,2018-03-27,1.42367,1.424299,1.406905,1.423893,0.0
18531,GBP/USD,2018-03-28,1.417575,1.420455,1.409344,1.417635,0.0
18532,GBP/USD,2018-03-29,1.408451,1.409642,1.402092,1.408034,0.0
18533,GBP/USD,2018-03-30,1.402859,1.406173,1.401444,1.402938,0.0
18534,GBP/USD,2018-04-02,1.403588,1.407737,1.402761,1.403824,0.0
18535,GBP/USD,2018-04-03,1.405086,1.408848,1.402328,1.404672,0.0
18536,GBP/USD,2018-04-04,1.407123,1.409841,1.401738,1.406865,0.0
18537,GBP/USD,2018-04-05,1.408788,1.409602,1.396765,1.408808,0.0
18538,GBP/USD,2018-04-06,1.400776,1.410258,1.398406,1.400874,0.0
18539,GBP/USD,2018-04-09,1.409086,1.416431,1.408133,1.409165,0.0
18540,GBP/USD,2018-04-10,1.413388,1.418762,1.41223,1.413827,0.0
18541,GBP/USD,2018-04-11,1.418178,1.422273,1.41623,1.418218,0.0
18542,GBP/USD,2018-04-12,1.418782,1.424664,1.414707,1.418903,0.0
18543,GBP/USD,2018-04-13,1.423954,1.429592,1.422313,1.423812,0.0
18544,GBP/USD,2018-04-16,1.424644,1.433692,1.423832,1.424684,0.0
18545,GBP/USD,2018-04-17,1.434185,1.437711,1.429409,1.434206,0.0
18546,GBP/USD,2018-04-18,1.429756,1.431639,1.417475,1.429654,0.0
18547,GBP/USD,2018-04-19,1.420313,1.424704,1.416671,1.420434,0.0
18548,GBP/USD,2018-04-20,1.408431,1.408848,1.400894,1.408649,0.0
18549,GBP/USD,2018-04-23,1.400344,1.404297,1.393884,1.400168,0.0
18550,GBP/USD,2018-04-24,1.393845,1.398191,1.391982,1.393825,0.0
18551,GBP/USD,2018-04-25,1.399208,1.399208,1.392719,1.399384,0.0
18552,GBP/USD,2018-04-26,1.393592,1.399619,1.389603,1.393922,0.0
18553,GBP/USD,2018-04-27,1.391711,1.393534,1.375024,1.391943,0.0
18554,GBP/USD,2018-04-30,1.376993,1.37931,1.371667,1.377107,0.0
18555,GBP/USD,2018-05-01,1.377221,1.3776,1.359102,1.377221,0.0
18556,GBP/USD,2018-05-02,1.361063,1.366475,1.358253,1.360933,0.0
18557,GBP/USD,2018-05-03,1.357368,1.362899,1.354023,1.357386,0.0
18558,GBP/USD,2018-05-04,1.357239,1.358696,1.349455,1.357239,0.0
18559,GBP/USD,2018-05-07,1.353327,1.357589,1.351717,1.353198,0.0
18560,GBP/USD,2018-05-08,1.356926,1.35912,1.348563,1.357036,0.0
18561,GBP/USD,2018-05-09,1.355381,1.3606,1.350001,1.355344,0.0
18562,GBP/USD,2018-05-10,1.354646,1.361767,1.346185,1.354463,0.0
18563,GBP/USD,2018-05-11,1.352448,1.359619,1.350348,1.352338,0.0
18564,GBP/USD,2018-05-14,1.355032,1.360729,1.354481,1.355381,0.0
18565,GBP/USD,2018-05-15,1.356116,1.357405,1.345297,1.356245,0.0
18566,GBP/USD,2018-05-16,1.350257,1.352155,1.345786,1.35002,0.0
18567,GBP/USD,2018-05-17,1.355014,1.356926,1.347564,1.35483,0.0
18568,GBP/USD,2018-05-18,1.351242,1.352814,1.345623,1.351534,0.0
18569,GBP/USD,2018-05-21,1.3476,1.3476,1.339298,1.347709,0.0
18570,GBP/USD,2018-05-22,1.343093,1.349091,1.341436,1.343183,0.0
18571,GBP/USD,2018-05-23,1.344447,1.344447,1.330796,1.344104,0.0
18572,GBP/USD,2018-05-24,1.337149,1.342246,1.335096,1.337131,0.0
18573,GBP/USD,2018-05-25,1.338401,1.338509,1.330672,1.338348,0.0
18574,GBP/USD,2018-05-28,1.330796,1.334757,1.329734,1.330902,0.0
18575,GBP/USD,2018-05-29,1.331381,1.332623,1.320777,1.331558,0.0
18576,GBP/USD,2018-05-30,1.325574,1.330849,1.324328,1.325381,0.0
18577,GBP/USD,2018-05-31,1.328656,1.334935,1.327863,1.328356,0.0
18578,GBP/USD,2018-06-01,1.328904,1.336184,1.325627,1.328939,0.0
18579,GBP/USD,2018-06-04,1.33547,1.339944,1.329699,1.335648,0.0
18580,GBP/USD,2018-06-05,1.331806,1.339244,1.330336,1.331647,0.0
18581,GBP/USD,2018-06-06,1.340698,1.344447,1.339998,1.340608,0.0
18582,GBP/USD,2018-06-07,1.342462,1.347346,1.337506,1.342156,0.0
18583,GBP/USD,2018-06-08,1.341562,1.343634,1.335773,1.341922,0.0
18584,GBP/USD,2018-06-11,1.341112,1.34405,1.334579,1.341382,0.0
18585,GBP/USD,2018-06-12,1.337149,1.342282,1.334739,1.337435,0.0
18586,GBP/USD,2018-06-13,1.337453,1.338151,1.331398,1.337256,0.0
18587,GBP/USD,2018-06-14,1.33833,1.344556,1.330743,1.338276,0.0
18588,GBP/USD,2018-06-15,1.325522,1.329787,1.321336,1.325662,0.0
18589,GBP/USD,2018-06-18,1.327492,1.327669,1.322821,1.32751,0.0
18590,GBP/USD,2018-06-19,1.325557,1.327492,1.315184,1.325873,0.0
18591,GBP/USD,2018-06-20,1.317402,1.321598,1.314994,1.317332,0.0
18592,GBP/USD,2018-06-21,1.317297,1.327017,1.310324,1.317523,0.0
18593,GBP/USD,2018-06-22,1.324854,1.331558,1.324644,1.324784,0.0
18594,GBP/USD,2018-06-25,1.326277,1.32908,1.322279,1.326242,0.0
18595,GBP/USD,2018-06-26,1.327863,1.329434,1.321353,1.327845,0.0
18596,GBP/USD,2018-06-27,1.322017,1.323434,1.312784,1.322104,0.0
18597,GBP/USD,2018-06-28,1.311957,1.312164,1.305193,1.312043,0.0
18598,GBP/USD,2018-06-29,1.307754,1.32083,1.307053,1.307514,0.0
18599,GBP/USD,2018-07-02,1.32083,1.32083,1.309638,1.320777,0.0
18600,GBP/USD,2018-07-03,1.314078,1.32083,1.311785,1.314406,0.0
18601,GBP/USD,2018-07-04,1.319435,1.322751,1.317263,1.319435,0.0
18602,GBP/USD,2018-07-05,1.322926,1.327351,1.32062,1.322926,0.0
18603,GBP/USD,2018-07-06,1.322297,1.328004,1.320463,1.322576,0.0
18604,GBP/USD,2018-07-09,1.329434,1.336005,1.321039,1.329787,0.0
18605,GBP/USD,2018-07-10,1.325557,1.330141,1.322716,1.325557,0.0
18606,GBP/USD,2018-07-11,1.325996,1.328374,1.323136,1.325732,0.0
18607,GBP/USD,2018-07-12,1.32069,1.324293,1.318218,1.321004,0.0
18608,GBP/USD,2018-07-13,1.317836,1.321999,1.310358,1.318044,0.0
18609,GBP/USD,2018-07-16,1.322926,1.329275,1.322401,1.322769,0.0
18610,GBP/USD,2018-07-17,1.323627,1.326964,1.314631,1.323644,0.0
18611,GBP/USD,2018-07-18,1.310942,1.311992,1.301236,1.310616,0.0
18612,GBP/USD,2018-07-19,1.307822,1.308387,1.295908,1.307822,0.0
18613,GBP/USD,2018-07-20,1.302253,1.311475,1.299798,1.302304,0.0
18614,GBP/USD,2018-07-23,1.314873,1.315789,1.309929,1.314717,0.0
18615,GBP/USD,2018-07-24,1.310444,1.315789,1.30736,1.310273,0.0
18616,GBP/USD,2018-07-25,1.31527,1.317714,1.313422,1.315218,0.0
18617,GBP/USD,2018-07-26,1.319975,1.321266,1.311561,1.319958,0.0
18618,GBP/USD,2018-07-27,1.310977,1.313025,1.308352,1.310874,0.0
18619,GBP/USD,2018-07-30,1.311131,1.31527,1.309912,1.311183,0.0
18620,GBP/USD,2018-07-31,1.313646,1.317523,1.309535,1.313543,0.0
18621,GBP/USD,2018-08-01,1.311837,1.314579,1.309758,1.312164,0.0
18622,GBP/USD,2018-08-02,1.312525,1.312853,1.301897,1.312612,0.0
18623,GBP/USD,2018-08-03,1.301575,1.304308,1.297623,1.301812,0.0
18624,GBP/USD,2018-08-06,1.300153,1.300728,1.292073,1.300356,0.0
18625,GBP/USD,2018-08-07,1.294247,1.297353,1.293828,1.294498,0.0
18626,GBP/USD,2018-08-08,1.294666,1.296176,1.285545,1.294666,0.0
18627,GBP/USD,2018-08-09,1.287996,1.291139,1.284357,1.288162,0.0
18628,GBP/USD,2018-08-10,1.283005,1.283862,1.272605,1.282841,0.0
18629,GBP/USD,2018-08-13,1.275885,1.279263,1.273301,1.275885,0.0
18630,GBP/USD,2018-08-14,1.275885,1.281805,1.273512,1.276275,0.0
18631,GBP/USD,2018-08-15,1.271941,1.273253,1.266336,1.271779,0.0
18632,GBP/USD,2018-08-16,1.26968,1.275445,1.268939,1.26939,0.0
18633,GBP/USD,2018-08-17,1.271278,1.27486,1.270002,1.271456,0.0
18634,GBP/USD,2018-08-20,1.2746,1.277678,1.273042,1.274714,0.0
18635,GBP/USD,2018-08-21,1.280279,1.287714,1.280016,1.280426,0.0
18636,GBP/USD,2018-08-22,1.290722,1.293661,1.287167,1.290556,0.0
18637,GBP/USD,2018-08-23,1.290572,1.290922,1.281756,1.290473,0.0
18638,GBP/USD,2018-08-24,1.281049,1.288012,1.280082,1.281066,0.0
18639,GBP/USD,2018-08-27,1.285694,1.289324,1.283005,1.286091,0.0
18640,GBP/USD,2018-08-28,1.289474,1.293159,1.286289,1.289674,0.0
18641,GBP/USD,2018-08-29,1.287167,1.301406,1.284621,1.286769,0.0
18642,GBP/USD,2018-08-30,1.303611,1.304291,1.299005,1.303594,0.0
18643,GBP/USD,2018-08-31,1.301168,1.302864,1.296176,1.301101,0.0
18644,GBP/USD,2018-09-03,1.292207,1.293494,1.285628,1.292307,0.0
18645,GBP/USD,2018-09-04,1.286786,1.287001,1.281394,1.286902,0.0
18646,GBP/USD,2018-09-05,1.285942,1.297926,1.279329,1.285843,0.0
18647,GBP/USD,2018-09-06,1.291406,1.295991,1.289724,1.291489,0.0
18648,GBP/USD,2018-09-07,1.292825,1.302423,1.291856,1.292541,0.0
18649,GBP/USD,2018-09-10,1.292808,1.30521,1.289823,1.293025,0.0
18650,GBP/USD,2018-09-11,1.302796,1.308044,1.297673,1.302643,0.0
18651,GBP/USD,2018-09-12,1.301744,1.304444,1.298415,1.301558,0.0
18652,GBP/USD,2018-09-13,1.304512,1.312009,1.302762,1.304546,0.0
18653,GBP/USD,2018-09-14,1.311063,1.314337,1.30736,1.311131,0.0
18654,GBP/USD,2018-09-17,1.307104,1.315668,1.307019,1.307326,0.0
18655,GBP/USD,2018-09-18,1.314665,1.317107,1.312078,1.314631,0.0
18656,GBP/USD,2018-09-19,1.316656,1.321178,1.312043,1.316846,0.0
18657,GBP/USD,2018-09-20,1.31406,1.32961,1.314009,1.314112,0.0
18658,GBP/USD,2018-09-21,1.32714,1.327845,1.305841,1.327087,0.0
18659,GBP/USD,2018-09-24,1.308096,1.316656,1.306455,1.308044,0.0
18660,GBP/USD,2018-09-25,1.311716,1.317575,1.309723,1.311733,0.0
18661,GBP/USD,2018-09-26,1.318044,1.319609,1.314112,1.317992,0.0
18662,GBP/USD,2018-09-27,1.316968,1.318044,1.309706,1.31728,0.0
18663,GBP/USD,2018-09-28,1.307771,1.309072,1.300255,1.307873,0.0
18664,GBP/USD,2018-10-01,1.303951,1.309758,1.301406,1.3039,0.0
18665,GBP/USD,2018-10-02,1.304393,1.304972,1.294415,1.304359,0.0
18666,GBP/USD,2018-10-03,1.297976,1.302016,1.296462,1.298196,0.0
18667,GBP/USD,2018-10-04,1.294163,1.303696,1.292457,1.294063,0.0
18668,GBP/USD,2018-10-05,1.302202,1.310753,1.300559,1.302423,0.0
18669,GBP/USD,2018-10-08,1.312612,1.313267,1.303017,1.312715,0.0
18670,GBP/USD,2018-10-09,1.309312,1.314717,1.303543,1.309312,0.0
18671,GBP/USD,2018-10-10,1.315582,1.321004,1.313784,1.315703,0.0
18672,GBP/USD,2018-10-11,1.320481,1.324574,1.318496,1.320673,0.0
18673,GBP/USD,2018-10-12,1.323154,1.325732,1.315236,1.323416,0.0
18674,GBP/USD,2018-10-15,1.310255,1.317905,1.310255,1.310393,0.0
18675,GBP/USD,2018-10-16,1.315478,1.323697,1.314268,1.315478,0.0
18676,GBP/USD,2018-10-17,1.318809,1.319261,1.310187,1.318722,0.0
18677,GBP/USD,2018-10-18,1.31017,1.313198,1.305807,1.310444,0.0
18678,GBP/USD,2018-10-19,1.302016,1.305807,1.301338,1.302423,0.0
18679,GBP/USD,2018-10-22,1.306848,1.308986,1.296126,1.30654,0.0
18680,GBP/USD,2018-10-23,1.296512,1.304087,1.293996,1.296596,0.0
18681,GBP/USD,2018-10-24,1.298128,1.299207,1.289075,1.298128,0.0
18682,GBP/USD,2018-10-25,1.28856,1.29189,1.281214,1.288826,0.0
18683,GBP/USD,2018-10-26,1.282265,1.283368,1.277874,1.282462,0.0
18684,GBP/USD,2018-10-29,1.283104,1.285182,1.280066,1.283104,0.0
18685,GBP/USD,2018-10-30,1.28018,1.281558,1.273058,1.280246,0.0
18686,GBP/USD,2018-10-31,1.270648,1.282923,1.270245,1.27089,0.0
18687,GBP/USD,2018-11-01,1.276552,1.297404,1.276487,1.276944,0.0
18688,GBP/USD,2018-11-02,1.299934,1.303951,1.296244,1.300373,0.0
18689,GBP/USD,2018-11-05,1.300559,1.303526,1.296714,1.300559,0.0
18690,GBP/USD,2018-11-06,1.305995,1.309569,1.302372,1.305807,0.0
18691,GBP/USD,2018-11-07,1.311493,1.317436,1.307566,1.311252,0.0
18692,GBP/USD,2018-11-08,1.312732,1.315028,1.308935,1.312853,0.0
18693,GBP/USD,2018-11-09,1.306643,1.307019,1.297438,1.306677,0.0
18694,GBP/USD,2018-11-12,1.293845,1.294834,1.282824,1.293845,0.0
18695,GBP/USD,2018-11-13,1.285545,1.304019,1.285314,1.285793,0.0
18696,GBP/USD,2018-11-14,1.301761,1.302983,1.289341,1.301406,0.0
18697,GBP/USD,2018-11-15,1.298533,1.302847,1.274486,1.298617,0.0
18698,GBP/USD,2018-11-16,1.276617,1.287714,1.276617,1.27665,0.0
18699,GBP/USD,2018-11-19,1.285512,1.288112,1.280492,1.283318,0.0
18700,GBP/USD,2018-11-20,1.285694,1.288112,1.280426,1.285975,0.0
18701,GBP/USD,2018-11-21,1.278772,1.282051,1.277514,1.27892,0.0
18702,GBP/USD,2018-11-22,1.277661,1.292123,1.277384,1.277727,0.0
18703,GBP/USD,2018-11-23,1.287581,1.288494,1.280082,1.287598,0.0
18704,GBP/USD,2018-11-26,1.281903,1.286273,1.279836,1.28123,0.0
18705,GBP/USD,2018-11-27,1.28123,1.282051,1.272734,1.28123,0.0
18706,GBP/USD,2018-11-28,1.27421,1.280607,1.273383,1.274372,0.0
18707,GBP/USD,2018-11-29,1.282298,1.285182,1.275673,1.282413,0.0
18708,GBP/USD,2018-11-30,1.278413,1.280688,1.273691,1.278445,0.0
18709,GBP/USD,2018-12-03,1.275022,1.282429,1.270002,1.275348,0.0
18710,GBP/USD,2018-12-04,1.272912,1.283401,1.271715,1.272588,0.0
18711,GBP/USD,2018-12-05,1.271973,1.279263,1.267331,1.272054,0.0
18712,GBP/USD,2018-12-06,1.272718,1.280016,1.270035,1.272767,0.0
18713,GBP/USD,2018-12-07,1.278086,1.278854,1.273383,1.277857,0.0
18714,GBP/USD,2018-12-10,1.272038,1.275673,1.251345,1.272103,0.0
18715,GBP/USD,2018-12-11,1.255966,1.263472,1.250375,1.256124,0.0
18716,GBP/USD,2018-12-12,1.249438,1.267074,1.248128,1.249297,0.0
18717,GBP/USD,2018-12-13,1.262483,1.268665,1.261098,1.262866,0.0
18718,GBP/USD,2018-12-14,1.26539,1.26539,1.253494,1.265502,0.0
18719,GBP/USD,2018-12-17,1.258622,1.264478,1.257609,1.258558,0.0
18720,GBP/USD,2018-12-18,1.261543,1.270503,1.261177,1.261575,0.0
18721,GBP/USD,2018-12-19,1.265454,1.267909,1.260843,1.265502,0.0
18722,GBP/USD,2018-12-20,1.262515,1.270535,1.261511,1.262786,0.0
18723,GBP/USD,2018-12-21,1.266994,1.269728,1.26336,1.266978,0.0
18724,GBP/USD,2018-12-24,1.265006,1.273658,1.263695,1.264894,0.0
18725,GBP/USD,2018-12-25,1.271294,1.277792,1.266785,1.271084,0.0
18726,GBP/USD,2018-12-26,1.268939,1.271973,1.266512,1.268875,0.0
18727,GBP/USD,2018-12-27,1.264846,1.267122,1.261877,1.264878,0.0
18728,GBP/USD,2018-12-28,1.264606,1.270002,1.263647,1.264622,0.0
18729,GBP/USD,2018-12-31,1.268923,1.281394,1.268183,1.269358,0.0
18730,GBP/USD,2019-01-01,1.275022,1.275673,1.271456,1.273804,0.0
18731,GBP/USD,2019-01-02,1.275234,1.277335,1.258463,1.275429,0.0
18732,GBP/USD,2019-01-03,1.251878,1.263823,1.251878,1.252191,0.0
18733,GBP/USD,2019-01-04,1.262897,1.273966,1.261782,1.262881,0.0
18734,GBP/USD,2019-01-07,1.273285,1.278772,1.272426,1.273496,0.0
18735,GBP/USD,2019-01-08,1.278691,1.27923,1.271488,1.278609,0.0
18736,GBP/USD,2019-01-09,1.273885,1.280295,1.271779,1.273788,0.0
18737,GBP/USD,2019-01-10,1.279951,1.280115,1.273058,1.279967,0.0
18738,GBP/USD,2019-01-11,1.275836,1.283746,1.271666,1.275396,0.0
18739,GBP/USD,2019-01-14,1.284984,1.292775,1.282101,1.284984,0.0
18740,GBP/USD,2019-01-15,1.287614,1.291656,1.275624,1.287498,0.0
18741,GBP/USD,2019-01-16,1.287283,1.289574,1.282726,1.287217,0.0
18742,GBP/USD,2019-01-17,1.288477,1.293996,1.283615,1.288577,0.0
18743,GBP/USD,2019-01-18,1.298297,1.299376,1.289208,1.298398,0.0
18744,GBP/USD,2019-01-21,1.285347,1.291072,1.28317,1.285347,0.0
18745,GBP/USD,2019-01-22,1.289275,1.296714,1.285595,1.289175,0.0
18746,GBP/USD,2019-01-23,1.295673,1.308027,1.294582,1.295773,0.0
18747,GBP/USD,2019-01-24,1.308318,1.309586,1.301372,1.308216,0.0
18748,GBP/USD,2019-01-25,1.311217,1.317662,1.306353,1.312164,0.0
18749,GBP/USD,2019-01-28,1.320777,1.321004,1.313871,1.320847,0.0
18750,GBP/USD,2019-01-29,1.315997,1.319662,1.313146,1.316015,0.0
18751,GBP/USD,2019-01-30,1.308062,1.311992,1.305807,1.308044,0.0
18752,GBP/USD,2019-01-31,1.311682,1.316067,1.310118,1.311716,0.0
18753,GBP/USD,2019-02-01,1.310925,1.311475,1.30458,1.310942,0.0
18754,GBP/USD,2019-02-04,1.307856,1.309878,1.304223,1.307737,0.0
18755,GBP/USD,2019-02-05,1.303084,1.305142,1.292992,1.303101,0.0
18756,GBP/USD,2019-02-06,1.29584,1.297858,1.292992,1.295723,0.0
18757,GBP/USD,2019-02-07,1.293444,1.299478,1.285628,1.293444,0.0
18758,GBP/USD,2019-02-08,1.294901,1.29769,1.292457,1.294917,0.0
18759,GBP/USD,2019-02-11,1.293728,1.293996,1.286008,1.293678,0.0
18760,GBP/USD,2019-02-12,1.286471,1.289657,1.283433,1.286405,0.0
18761,GBP/USD,2019-02-13,1.289092,1.295706,1.286091,1.289208,0.0
18762,GBP/USD,2019-02-14,1.285678,1.287847,1.2774,1.285678,0.0
18763,GBP/USD,2019-02-15,1.279918,1.285975,1.278658,1.279836,0.0
18764,GBP/USD,2019-02-18,1.290323,1.293728,1.289391,1.290556,0.0
18765,GBP/USD,2019-02-19,1.292274,1.304665,1.289657,1.292407,0.0
18766,GBP/USD,2019-02-20,1.306165,1.308541,1.301372,1.306131,0.0
18767,GBP/USD,2019-02-21,1.304393,1.309243,1.302762,1.304512,0.0
18768,GBP/USD,2019-02-22,1.304087,1.308062,1.297219,1.304138,0.0
18769,GBP/USD,2019-02-25,1.306438,1.309586,1.305705,1.306558,0.0
18770,GBP/USD,2019-02-26,1.312663,1.328021,1.312336,1.312715,0.0
18771,GBP/USD,2019-02-27,1.326102,1.334882,1.323452,1.325803,0.0
18772,GBP/USD,2019-02-28,1.331611,1.33209,1.326506,1.331824,0.0
18773,GBP/USD,2019-03-01,1.326489,1.328639,1.321475,1.326489,0.0
18774,GBP/USD,2019-03-04,1.323784,1.325486,1.316898,1.323977,0.0
18775,GBP/USD,2019-03-05,1.31787,1.319731,1.309946,1.317853,0.0
18776,GBP/USD,2019-03-06,1.315616,1.317089,1.312594,1.315668,0.0
18777,GBP/USD,2019-03-07,1.318009,1.318739,1.308935,1.318218,0.0
18778,GBP/USD,2019-03-08,1.309243,1.310805,1.300593,1.309243,0.0
18779,GBP/USD,2019-03-11,1.298415,1.309758,1.296227,1.298836,0.0
18780,GBP/USD,2019-03-12,1.324591,1.324591,1.301067,1.324854,0.0
18781,GBP/USD,2019-03-13,1.306472,1.323049,1.306472,1.306677,0.0
18782,GBP/USD,2019-03-14,1.328427,1.333156,1.321109,1.328568,0.0
18783,GBP/USD,2019-03-15,1.325732,1.32961,1.320725,1.325855,0.0
18784,GBP/USD,2019-03-18,1.329752,1.329964,1.313198,1.329716,0.0
18785,GBP/USD,2019-03-19,1.326436,1.330867,1.324275,1.326436,0.0
18786,GBP/USD,2019-03-20,1.326911,1.326964,1.314994,1.32714,0.0
18787,GBP/USD,2019-03-21,1.320655,1.322926,1.306797,1.320533,0.0
18788,GBP/USD,2019-03-22,1.313025,1.322209,1.308404,1.313232,0.0
18789,GBP/USD,2019-03-25,1.320655,1.324574,1.316292,1.320655,0.0
18790,GBP/USD,2019-03-26,1.320812,1.326154,1.316482,1.321528,0.0
18791,GBP/USD,2019-03-27,1.321039,1.324609,1.316794,1.321144,0.0
18792,GBP/USD,2019-03-28,1.315288,1.319958,1.307634,1.31527,0.0
18793,GBP/USD,2019-03-29,1.305415,1.312836,1.298044,1.305653,0.0
18794,GBP/USD,2019-04-01,1.302185,1.314786,1.301152,1.302287,0.0
18795,GBP/USD,2019-04-02,1.306933,1.308387,1.301677,1.306899,0.0
18796,GBP/USD,2019-04-03,1.312543,1.319609,1.312388,1.312767,0.0
18797,GBP/USD,2019-04-04,1.317836,1.319087,1.306848,1.317697,0.0
18798,GBP/USD,2019-04-05,1.307343,1.31194,1.300576,1.307702,0.0
18799,GBP/USD,2019-04-08,1.303713,1.30719,1.303526,1.303815,0.0
18800,GBP/USD,2019-04-09,1.306182,1.311665,1.303407,1.306336,0.0
18801,GBP/USD,2019-04-10,1.305313,1.310393,1.304938,1.305722,0.0
18802,GBP/USD,2019-04-11,1.309758,1.31096,1.306438,1.309929,0.0
18803,GBP/USD,2019-04-12,1.305466,1.313025,1.305142,1.305602,0.0
18804,GBP/USD,2019-04-15,1.308472,1.311992,1.308062,1.308387,0.0
18805,GBP/USD,2019-04-16,1.309912,1.310444,1.304512,1.310273,0.0
18806,GBP/USD,2019-04-17,1.304461,1.306797,1.303186,1.304631,0.0
18807,GBP/USD,2019-04-18,1.303934,1.305244,1.299765,1.303934,0.0
18808,GBP/USD,2019-04-19,1.299376,1.300999,1.29887,1.299444,0.0
18809,GBP/USD,2019-04-22,1.299376,1.300052,1.29769,1.299376,0.0
18810,GBP/USD,2019-04-23,1.298196,1.30188,1.292942,1.298145,0.0
18811,GBP/USD,2019-04-24,1.293879,1.296344,1.291673,1.293812,0.0
18812,GBP/USD,2019-04-25,1.290389,1.291673,1.286703,1.290489,0.0
18813,GBP/USD,2019-04-26,1.289773,1.294331,1.288826,1.289607,0.0
18814,GBP/USD,2019-04-29,1.292107,1.294666,1.290589,1.292023,0.0
18815,GBP/USD,2019-04-30,1.293176,1.304614,1.292791,1.293243,0.0
18816,GBP/USD,2019-05-01,1.30407,1.309243,1.303526,1.303985,0.0
18817,GBP/USD,2019-05-02,1.305483,1.30801,1.301897,1.305313,0.0
18818,GBP/USD,2019-05-03,1.303169,1.317697,1.299157,1.303322,0.0
18819,GBP/USD,2019-05-06,1.315045,1.315045,1.308267,1.315063,0.0
18820,GBP/USD,2019-05-07,1.309741,1.312956,1.304206,1.309929,0.0
18821,GBP/USD,2019-05-08,1.306831,1.308216,1.299106,1.306882,0.0
18822,GBP/USD,2019-05-09,1.301406,1.302609,1.296832,1.301202,0.0
18823,GBP/USD,2019-05-10,1.300982,1.304631,1.299309,1.300965,0.0
18824,GBP/USD,2019-05-13,1.300898,1.304087,1.295085,1.301067,0.0
18825,GBP/USD,2019-05-14,1.296395,1.297185,1.290922,1.296311,0.0
18826,GBP/USD,2019-05-15,1.290606,1.292257,1.282907,1.290656,0.0
18827,GBP/USD,2019-05-16,1.284588,1.285512,1.279034,1.284752,0.0
18828,GBP/USD,2019-05-17,1.279787,1.279918,1.272135,1.279771,0.0
18829,GBP/USD,2019-05-20,1.273026,1.275754,1.271682,1.273156,0.0
18830,GBP/USD,2019-05-21,1.272783,1.279427,1.268617,1.272912,0.0
18831,GBP/USD,2019-05-22,1.266336,1.268343,1.260589,1.266416,0.0
18832,GBP/USD,2019-05-23,1.266336,1.268343,1.260589,1.266416,0.0
18833,GBP/USD,2019-05-24,1.266464,1.271715,1.264942,1.266464,0.0
18834,GBP/USD,2019-05-27,1.272281,1.27486,1.266833,1.272475,0.0
18835,GBP/USD,2019-05-28,1.268086,1.270002,1.265583,1.268231,0.0
18836,GBP/USD,2019-05-29,1.265983,1.266961,1.261257,1.265967,0.0
18837,GBP/USD,2019-05-30,1.262945,1.264063,1.2584,1.262945,0.0
18838,GBP/USD,2019-05-31,1.2607,1.263647,1.256013,1.26097,0.0
18839,GBP/USD,2019-06-03,1.264047,1.265823,1.261304,1.263951,0.0
18840,GBP/USD,2019-06-04,1.266304,1.270584,1.264462,1.266416,0.0
18841,GBP/USD,2019-06-05,1.270374,1.274405,1.269325,1.270277,0.0
18842,GBP/USD,2019-06-06,1.268681,1.274194,1.266961,1.268858,0.0
18843,GBP/USD,2019-06-07,1.269841,1.276178,1.268939,1.269841,0.0
18844,GBP/USD,2019-06-10,1.272265,1.272912,1.265615,1.272297,0.0
18845,GBP/USD,2019-06-11,1.269213,1.272767,1.267299,1.269116,0.0
18846,GBP/USD,2019-06-12,1.272313,1.275868,1.268842,1.272443,0.0
18847,GBP/USD,2019-06-13,1.269358,1.270567,1.266496,1.269342,0.0
18848,GBP/USD,2019-06-14,1.26799,1.268392,1.259018,1.268006,0.0
18849,GBP/USD,2019-06-17,1.259446,1.260557,1.255524,1.259604,0.0
18850,GBP/USD,2019-06-18,1.25406,1.256092,1.250719,1.254154,0.0
18851,GBP/USD,2019-06-19,1.256644,1.263855,1.254548,1.25666,0.0
18852,GBP/USD,2019-06-20,1.265374,1.272572,1.265374,1.265663,0.0
18853,GBP/USD,2019-06-21,1.270551,1.272443,1.264494,1.270793,0.0
18854,GBP/USD,2019-06-24,1.275055,1.276666,1.2711,1.275087,0.0
18855,GBP/USD,2019-06-25,1.27395,1.278396,1.271246,1.273966,0.0
18856,GBP/USD,2019-06-26,1.269084,1.270696,1.266416,1.269068,0.0
18857,GBP/USD,2019-06-27,1.269567,1.272426,1.266689,1.269841,0.0
18858,GBP/USD,2019-06-28,1.267395,1.273415,1.266608,1.267748,0.0
18859,GBP/USD,2019-07-01,1.269374,1.27081,1.263296,1.269454,0.0
18860,GBP/USD,2019-07-02,1.264414,1.264862,1.258637,1.264462,0.0
18861,GBP/USD,2019-07-03,1.259763,1.260239,1.255887,1.259827,0.0
18862,GBP/USD,2019-07-04,1.258384,1.259287,1.257055,1.258273,0.0
18863,GBP/USD,2019-07-05,1.258336,1.258701,1.248299,1.258305,0.0
18864,GBP/USD,2019-07-08,1.252615,1.254076,1.250125,1.252552,0.0
18865,GBP/USD,2019-07-09,1.251878,1.252035,1.244122,1.251643,0.0
18866,GBP/USD,2019-07-10,1.245733,1.252113,1.244524,1.245858,0.0
18867,GBP/USD,2019-07-11,1.250625,1.257229,1.250625,1.250813,0.0
18868,GBP/USD,2019-07-12,1.25227,1.256266,1.25227,1.252348,0.0
18869,GBP/USD,2019-07-15,1.257229,1.25764,1.251189,1.257197,0.0
18870,GBP/USD,2019-07-16,1.252035,1.252035,1.239741,1.251799,0.0
18871,GBP/USD,2019-07-17,1.24088,1.243936,1.238344,1.241203,0.0
18872,GBP/USD,2019-07-18,1.243503,1.249547,1.242915,1.243472,0.0
18873,GBP/USD,2019-07-19,1.25439,1.255493,1.249641,1.254186,0.0
18874,GBP/USD,2019-07-22,1.251032,1.251564,1.245764,1.251283,0.0
18875,GBP/USD,2019-07-23,1.247303,1.248175,1.242035,1.247489,0.0
18876,GBP/USD,2019-07-24,1.243781,1.252129,1.242946,1.243905,0.0
18877,GBP/USD,2019-07-25,1.248564,1.251799,1.246525,1.248595,0.0
18878,GBP/USD,2019-07-26,1.245377,1.245951,1.237777,1.245345,0.0
18879,GBP/USD,2019-07-29,1.237777,1.23839,1.221598,1.23767,0.0
18880,GBP/USD,2019-07-30,1.221747,1.222016,1.212106,1.221747,0.0
18881,GBP/USD,2019-07-31,1.215791,1.22468,1.214727,1.21616,0.0
18882,GBP/USD,2019-08-01,1.215466,1.215466,1.208196,1.215377,0.0
18883,GBP/USD,2019-08-02,1.212724,1.214491,1.209175,1.21243,0.0
18884,GBP/USD,2019-08-05,1.214919,1.218814,1.210317,1.215214,0.0
18885,GBP/USD,2019-08-06,1.215613,1.220971,1.214285,1.21582,0.0
18886,GBP/USD,2019-08-07,1.217226,1.219141,1.212224,1.216974,0.0
18887,GBP/USD,2019-08-08,1.214167,1.218324,1.209775,1.214329,0.0
18888,GBP/USD,2019-08-09,1.214477,1.214772,1.205734,1.214373,0.0
18889,GBP/USD,2019-08-12,1.202198,1.210068,1.201923,1.202198,0.0
18890,GBP/USD,2019-08-13,1.208021,1.20976,1.204355,1.207875,0.0
18891,GBP/USD,2019-08-14,1.206418,1.209995,1.204674,1.206418,0.0
18892,GBP/USD,2019-08-15,1.20604,1.214255,1.20511,1.20604,0.0
18893,GBP/USD,2019-08-16,1.209219,1.21773,1.208313,1.209161,0.0
18894,GBP/USD,2019-08-19,1.215983,1.217271,1.21058,1.216101,0.0
18895,GBP/USD,2019-08-20,1.212974,1.216723,1.206695,1.213151,0.0
18896,GBP/USD,2019-08-21,1.21653,1.217582,1.211475,1.216234,0.0
18897,GBP/USD,2019-08-22,1.213151,1.226979,1.210962,1.213224,0.0
18898,GBP/USD,2019-08-23,1.225145,1.227792,1.219646,1.22519,0.0
18899,GBP/USD,2019-08-26,1.226196,1.228381,1.220942,1.226242,0.0
18900,GBP/USD,2019-08-27,1.222165,1.230527,1.221001,1.222195,0.0
18901,GBP/USD,2019-08-28,1.228215,1.228954,1.216367,1.22832,0.0
18902,GBP/USD,2019-08-29,1.221747,1.223107,1.218457,1.221852,0.0
18903,GBP/USD,2019-08-30,1.218531,1.222374,1.216219,1.21865,0.0
18904,GBP/USD,2019-09-02,1.215939,1.217582,1.203905,1.215924,0.0
18905,GBP/USD,2019-09-03,1.206535,1.210243,1.195943,1.206666,0.0
18906,GBP/USD,2019-09-04,1.20919,1.222046,1.208678,1.209044,0.0
18907,GBP/USD,2019-09-05,1.224545,1.23533,1.2213,1.22489,0.0
18908,GBP/USD,2019-09-06,1.23259,1.234416,1.228894,1.232392,0.0
18909,GBP/USD,2019-09-09,1.228697,1.238114,1.223691,1.228305,0.0
18910,GBP/USD,2019-09-10,1.234644,1.237517,1.230845,1.234537,0.0
18911,GBP/USD,2019-09-11,1.235315,1.237118,1.232286,1.235483,0.0
18912,GBP/USD,2019-09-12,1.233517,1.235926,1.228637,1.233471,0.0
18913,GBP/USD,2019-09-13,1.233046,1.247038,1.232863,1.232939,0.0
18914,GBP/USD,2019-09-16,1.249844,1.249844,1.240202,1.249734,0.0
18915,GBP/USD,2019-09-17,1.24273,1.249531,1.239465,1.242854,0.0
18916,GBP/USD,2019-09-18,1.250313,1.250625,1.244137,1.250266,0.0
18917,GBP/USD,2019-09-19,1.247007,1.249859,1.244245,1.247054,0.0
18918,GBP/USD,2019-09-20,1.252662,1.258305,1.246479,1.252505,0.0
18919,GBP/USD,2019-09-23,1.247085,1.249172,1.241527,1.247194,0.0
18920,GBP/USD,2019-09-24,1.243565,1.250219,1.241557,1.243456,0.0
18921,GBP/USD,2019-09-25,1.248595,1.248782,1.235682,1.248595,0.0
18922,GBP/USD,2019-09-26,1.235926,1.238083,1.230497,1.235956,0.0
18923,GBP/USD,2019-09-27,1.233046,1.233654,1.22731,1.233198,0.0
18924,GBP/USD,2019-09-30,1.229287,1.234385,1.228486,1.229317,0.0
18925,GBP/USD,2019-10-01,1.22906,1.231375,1.221061,1.228999,0.0
18926,GBP/USD,2019-10-02,1.229317,1.231785,1.222868,1.229226,0.0
18927,GBP/USD,2019-10-03,1.230527,1.241265,1.226693,1.230436,0.0
18928,GBP/USD,2019-10-04,1.233989,1.235788,1.227747,1.234233,0.0
18929,GBP/USD,2019-10-07,1.233502,1.233806,1.228954,1.233441,0.0
18930,GBP/USD,2019-10-08,1.228879,1.230315,1.219929,1.228803,0.0
18931,GBP/USD,2019-10-09,1.222076,1.22832,1.220033,1.221956,0.0
18932,GBP/USD,2019-10-10,1.22127,1.238482,1.220957,1.2213,0.0
18933,GBP/USD,2019-10-11,1.243163,1.270035,1.243008,1.243317,0.0
18934,GBP/USD,2019-10-14,1.261098,1.26467,1.25222,1.2619,0.0
18935,GBP/USD,2019-10-15,1.260907,1.278952,1.260366,1.261177,0.0
18936,GBP/USD,2019-10-16,1.275917,1.286174,1.266817,1.276064,0.0
18937,GBP/USD,2019-10-17,1.282,1.297842,1.275575,1.28238,0.0
18938,GBP/USD,2019-10-18,1.2867,1.291489,1.284076,1.28686,0.0
18939,GBP/USD,2019-10-21,1.290273,1.30127,1.289075,1.290023,0.0
18940,GBP/USD,2019-10-22,1.297151,1.29887,1.289407,1.297168,0.0
18941,GBP/USD,2019-10-23,1.288477,1.289491,1.284258,1.288477,0.0
18942,GBP/USD,2019-10-24,1.29209,1.294783,1.280803,1.292324,0.0
18943,GBP/USD,2019-10-25,1.284093,1.286025,1.280524,1.284027,0.0
18944,GBP/USD,2019-10-28,1.282857,1.287515,1.28123,1.283203,0.0
18945,GBP/USD,2019-10-29,1.285744,1.290473,1.280984,1.285744,0.0
18946,GBP/USD,2019-10-30,1.28667,1.290456,1.285892,1.28667,0.0
18947,GBP/USD,2019-10-31,1.290289,1.297539,1.290289,1.290173,0.0
18948,GBP/USD,2019-11-01,1.293862,1.297353,1.293477,1.293962,0.0
18949,GBP/USD,2019-11-04,1.293996,1.294498,1.290123,1.293761,0.0
18950,GBP/USD,2019-11-05,1.288693,1.291456,1.286107,1.289158,0.0
18951,GBP/USD,2019-11-06,1.28783,1.289773,1.286769,1.288062,0.0
18952,GBP/USD,2019-11-07,1.285661,1.287714,1.279623,1.285678,0.0
18953,GBP/USD,2019-11-08,1.281148,1.282216,1.276976,1.277999,0.0
18954,GBP/USD,2019-11-11,1.279656,1.289175,1.278674,1.27964,0.0
18955,GBP/USD,2019-11-12,1.285446,1.286836,1.281723,1.285843,0.0
18956,GBP/USD,2019-11-13,1.285347,1.286008,1.282495,1.285215,0.0
18957,GBP/USD,2019-11-14,1.285198,1.289158,1.282594,1.28538,0.0
18958,GBP/USD,2019-11-15,1.288278,1.291739,1.286918,1.288178,0.0
18959,GBP/USD,2019-11-18,1.291973,1.298212,1.291656,1.292123,0.0
18960,GBP/USD,2019-11-19,1.294968,1.297185,1.292541,1.295085,0.0
18961,GBP/USD,2019-11-20,1.292892,1.292892,1.289175,1.29295,0.0
18962,GBP/USD,2019-11-21,1.292691,1.297017,1.290006,1.292708,0.0
18963,GBP/USD,2019-11-22,1.291923,1.292992,1.282676,1.29199,0.0
18964,GBP/USD,2019-11-25,1.285099,1.291322,1.284192,1.285347,0.0
18965,GBP/USD,2019-11-26,1.289757,1.290489,1.283845,1.289724,0.0
18966,GBP/USD,2019-11-27,1.285926,1.289275,1.282824,1.286091,0.0
18967,GBP/USD,2019-11-28,1.293076,1.295169,1.290123,1.292992,0.0
18968,GBP/USD,2019-11-29,1.291072,1.294331,1.288195,1.291289,0.0
18969,GBP/USD,2019-12-02,1.291122,1.294331,1.289807,1.291289,0.0
18970,GBP/USD,2019-12-03,1.293845,1.300813,1.293142,1.294063,0.0
18971,GBP/USD,2019-12-04,1.299697,1.311992,1.298448,1.299782,0.0
18972,GBP/USD,2019-12-05,1.311051,1.316656,1.310616,1.311131,0.0
18973,GBP/USD,2019-12-06,1.315859,1.316517,1.310187,1.315841,0.0
18974,GBP/USD,2019-12-09,1.314406,1.318044,1.313715,1.313957,0.0
18975,GBP/USD,2019-12-10,1.314596,1.318878,1.313456,1.314579,0.0
18976,GBP/USD,2019-12-11,1.313215,1.318705,1.311321,1.313129,0.0
18977,GBP/USD,2019-12-12,1.320045,1.322926,1.311648,1.32001,0.0
18978,GBP/USD,2019-12-13,1.347654,1.350986,1.330955,1.347527,0.0
18979,GBP/USD,2019-12-16,1.335524,1.341706,1.332623,1.335327,0.0
18980,GBP/USD,2019-12-17,1.327175,1.330495,1.31041,1.327246,0.0
18981,GBP/USD,2019-12-18,1.312215,1.31256,1.306233,1.312215,0.0
18982,GBP/USD,2019-12-19,1.308472,1.312956,1.299663,1.308729,0.0
18983,GBP/USD,2019-12-20,1.301643,1.307839,1.30083,1.301744,0.0
18984,GBP/USD,2019-12-23,1.300525,1.303254,1.290706,1.300542,0.0
18985,GBP/USD,2019-12-24,1.294448,1.29695,1.292307,1.294498,0.0
18986,GBP/USD,2019-12-25,1.293494,1.2987,1.2923,1.293494,0.0
18987,GBP/USD,2019-12-26,1.297185,1.301575,1.296126,1.297353,0.0
18988,GBP/USD,2019-12-27,1.300289,1.311819,1.297219,1.300221,0.0
18989,GBP/USD,2019-12-30,1.30914,1.31527,1.308764,1.309192,0.0
18990,GBP/USD,2019-12-31,1.311648,1.328198,1.31096,1.311303,0.0
18991,GBP/USD,2020-01-01,1.3254,1.3271,1.321877,1.32626,0.0
18992,GBP/USD,2020-01-02,1.325047,1.326788,1.312508,1.32503,0.0
18993,GBP/USD,2020-01-03,1.314389,1.316119,1.305483,1.31527,0.0
18994,GBP/USD,2020-01-06,1.30813,1.3174,1.30654,1.30801,0.0
18995,GBP/USD,2020-01-07,1.317193,1.321213,1.309638,1.317003,0.0
18996,GBP/USD,2020-01-08,1.311131,1.316951,1.308267,1.311372,0.0
18997,GBP/USD,2020-01-09,1.310582,1.312456,1.301507,1.310513,0.0
18998,GBP/USD,2020-01-10,1.306933,1.309569,1.304938,1.307019,0.0
18999,GBP/USD,2020-01-13,1.304376,1.304631,1.296193,1.304563,0.0
19000,GBP/USD,2020-01-14,1.298771,1.301897,1.295673,1.298819,0.0
19001,GBP/USD,2020-01-15,1.302253,1.304121,1.298921,1.302253,0.0
19002,GBP/USD,2020-01-16,1.304121,1.308164,1.302898,1.304121,0.0
19003,GBP/USD,2020-01-17,1.307788,1.311579,1.301778,1.307873,0.0
19004,GBP/USD,2020-01-20,1.300712,1.300965,1.296479,1.300728,0.0
19005,GBP/USD,2020-01-21,1.300728,1.308404,1.299599,1.300559,0.0
19006,GBP/USD,2020-01-22,1.304631,1.314976,1.303781,1.304802,0.0
19007,GBP/USD,2020-01-23,1.314752,1.315184,1.309843,1.314475,0.0
19008,GBP/USD,2020-01-24,1.311992,1.316067,1.305995,1.311992,0.0
19009,GBP/USD,2020-01-27,1.306165,1.310307,1.305142,1.306182,0.0
19010,GBP/USD,2020-01-28,1.305995,1.306848,1.297757,1.306012,0.0
19011,GBP/USD,2020-01-29,1.3024,1.303101,1.299123,1.302456,0.0
19012,GBP/USD,2020-01-30,1.302253,1.31096,1.298044,1.302202,0.0
19013,GBP/USD,2020-01-31,1.308627,1.319609,1.308627,1.3089,0.0
19014,GBP/USD,2020-02-03,1.318079,1.318339,1.300136,1.318166,0.0
19015,GBP/USD,2020-02-04,1.299731,1.304257,1.294398,1.299748,0.0
19016,GBP/USD,2020-02-05,1.303135,1.307002,1.295857,1.303271,0.0
19017,GBP/USD,2020-02-06,1.299714,1.300052,1.292407,1.299714,0.0
19018,GBP/USD,2020-02-07,1.293009,1.295505,1.290006,1.293025,0.0
19019,GBP/USD,2020-02-10,1.288892,1.294834,1.287416,1.289158,0.0
19020,GBP/USD,2020-02-11,1.291656,1.296849,1.289607,1.291823,0.0
19021,GBP/USD,2020-02-12,1.295656,1.299207,1.295337,1.295656,0.0
19022,GBP/USD,2020-02-13,1.295857,1.306865,1.294532,1.295756,0.0
19023,GBP/USD,2020-02-14,1.304478,1.306336,1.30039,1.304682,0.0
19024,GBP/USD,2020-02-17,1.305091,1.305313,1.300441,1.305296,0.0
19025,GBP/USD,2020-02-18,1.300542,1.304904,1.297252,1.300898,0.0
19026,GBP/USD,2020-02-19,1.299984,1.302168,1.292808,1.300221,0.0
19027,GBP/USD,2020-02-20,1.292825,1.293042,1.285149,1.292825,0.0
19028,GBP/USD,2020-02-21,1.288145,1.29769,1.287963,1.288328,0.0
19029,GBP/USD,2020-02-24,1.295203,1.2955,1.288892,1.29537,0.0
19030,GBP/USD,2020-02-25,1.292524,1.301795,1.291656,1.292658,0.0
19031,GBP/USD,2020-02-26,1.300238,1.301067,1.291322,1.300339,0.0
19032,GBP/USD,2020-02-27,1.290722,1.294532,1.286256,1.290689,0.0
19033,GBP/USD,2020-02-28,1.288926,1.29189,1.275445,1.288892,0.0
19034,GBP/USD,2020-03-02,1.280557,1.285182,1.274194,1.280705,0.0
19035,GBP/USD,2020-03-03,1.276634,1.283746,1.275982,1.276715,0.0
19036,GBP/USD,2020-03-04,1.282117,1.284604,1.277156,1.282084,0.0
19037,GBP/USD,2020-03-05,1.287217,1.294582,1.286174,1.287498,0.0
19038,GBP/USD,2020-03-06,1.295,1.304972,1.295,1.295068,0.0
19039,GBP/USD,2020-03-09,1.309655,1.319975,1.303645,1.309929,0.0
19040,GBP/USD,2020-03-10,1.307531,1.308832,1.293444,1.307531,0.0
19041,GBP/USD,2020-03-11,1.290689,1.297741,1.285545,1.290972,0.0
19042,GBP/USD,2020-03-12,1.281756,1.285182,1.254296,1.281821,0.0
19043,GBP/USD,2020-03-13,1.257277,1.262499,1.240064,1.257024,0.0
19044,GBP/USD,2020-03-16,1.240033,1.240033,1.222285,1.239987,0.0
19045,GBP/USD,2020-03-17,1.226934,1.227054,1.200927,1.226663,0.0
19046,GBP/USD,2020-03-18,1.211607,1.213033,1.174646,1.212165,0.0
19047,GBP/USD,2020-03-19,1.161103,1.178856,1.147684,1.162534,0.0
19048,GBP/USD,2020-03-20,1.149637,1.192435,1.148211,1.149439,0.0
19049,GBP/USD,2020-03-23,1.16086,1.171166,1.148026,1.162304,0.0
19050,GBP/USD,2020-03-24,1.159783,1.178967,1.158373,1.159555,0.0
19051,GBP/USD,2020-03-25,1.179148,1.197318,1.164714,1.179204,0.0
19052,GBP/USD,2020-03-26,1.184413,1.213916,1.182257,1.185115,0.0
19053,GBP/USD,2020-03-27,1.219334,1.237991,1.215347,1.220063,0.0
19054,GBP/USD,2020-03-30,1.244865,1.246727,1.231982,1.245319,0.0
19055,GBP/USD,2020-03-31,1.236552,1.246945,1.226738,1.237164,0.0
19056,GBP/USD,2020-04-01,1.241157,1.243843,1.233502,1.240849,0.0
19057,GBP/USD,2020-04-02,1.238175,1.246556,1.235498,1.238237,0.0
19058,GBP/USD,2020-04-03,1.239188,1.239403,1.220733,1.239495,0.0
19059,GBP/USD,2020-04-06,1.221956,1.232742,1.221285,1.222016,0.0
19060,GBP/USD,2020-04-07,1.223481,1.238237,1.222046,1.22405,0.0
19061,GBP/USD,2020-04-08,1.233745,1.241804,1.228954,1.233867,0.0
19062,GBP/USD,2020-04-09,1.239173,1.247521,1.236247,1.239311,0.0
19063,GBP/USD,2020-04-10,1.245982,1.248814,1.244958,1.245485,0.0
19064,GBP/USD,2020-04-13,1.245904,1.253337,1.245578,1.246106,0.0
19065,GBP/USD,2020-04-14,1.252035,1.262084,1.251173,1.252395,0.0
19066,GBP/USD,2020-04-15,1.262403,1.262786,1.244075,1.262626,0.0
19067,GBP/USD,2020-04-16,1.252191,1.252662,1.241434,1.252097,0.0
19068,GBP/USD,2020-04-17,1.248782,1.252317,1.240864,1.248782,0.0
19069,GBP/USD,2020-04-20,1.248751,1.249157,1.24182,1.248751,0.0
19070,GBP/USD,2020-04-21,1.244245,1.2444,1.226347,1.244276,0.0
19071,GBP/USD,2020-04-22,1.230239,1.238313,1.227596,1.229861,0.0
19072,GBP/USD,2020-04-23,1.232256,1.241573,1.230936,1.232392,0.0
19073,GBP/USD,2020-04-24,1.235315,1.237425,1.229967,1.235224,0.0
19074,GBP/USD,2020-04-27,1.236858,1.245377,1.236125,1.23666,0.0
19075,GBP/USD,2020-04-28,1.242236,1.251846,1.240572,1.242267,0.0
19076,GBP/USD,2020-04-29,1.243394,1.248626,1.23905,1.243565,0.0
19077,GBP/USD,2020-04-30,1.246914,1.263775,1.242993,1.247147,0.0
19078,GBP/USD,2020-05-01,1.258099,1.258099,1.250406,1.258147,0.0
19079,GBP/USD,2020-05-04,1.245656,1.246883,1.240649,1.245423,0.0
19080,GBP/USD,2020-05-05,1.244818,1.248034,1.242221,1.244555,0.0
19081,GBP/USD,2020-05-06,1.244524,1.24502,1.233776,1.24442,0.0
19082,GBP/USD,2020-05-07,1.232742,1.241465,1.226994,1.232559,0.0
19083,GBP/USD,2020-05-08,1.237409,1.246354,1.235773,1.237593,0.0
19084,GBP/USD,2020-05-11,1.241634,1.243781,1.228577,1.241742,0.0
19085,GBP/USD,2020-05-12,1.233228,1.237624,1.228864,1.23335,0.0
19086,GBP/USD,2020-05-13,1.22537,1.233745,1.222195,1.22549,0.0
19087,GBP/USD,2020-05-14,1.223945,1.22414,1.216885,1.224155,0.0
19088,GBP/USD,2020-05-15,1.223391,1.22381,1.211637,1.223391,0.0
19089,GBP/USD,2020-05-18,1.208605,1.222434,1.208605,1.208576,0.0
19090,GBP/USD,2020-05-19,1.220256,1.226934,1.218487,1.220003,0.0
19091,GBP/USD,2020-05-20,1.225941,1.228697,1.222315,1.225595,0.0
19092,GBP/USD,2020-05-21,1.223541,1.22495,1.21865,1.223691,0.0
19093,GBP/USD,2020-05-22,1.222613,1.223541,1.216338,1.222345,0.0
19094,GBP/USD,2020-05-25,1.218665,1.22039,1.216501,1.218606,0.0
19095,GBP/USD,2020-05-26,1.220048,1.236277,1.219854,1.220137,0.0
19096,GBP/USD,2020-05-27,1.233502,1.234934,1.220942,1.233502,0.0
19097,GBP/USD,2020-05-28,1.226317,1.233502,1.223541,1.226482,0.0
19098,GBP/USD,2020-05-29,1.231967,1.239219,1.229332,1.232149,0.0
19099,GBP/USD,2020-06-01,1.234537,1.248502,1.234537,1.2348,0.0
19100,GBP/USD,2020-06-02,1.248845,1.257545,1.247957,1.248704,0.0
19101,GBP/USD,2020-06-03,1.257893,1.261304,1.255493,1.258147,0.0
19102,GBP/USD,2020-06-04,1.25745,1.262228,1.250156,1.257514,0.0
19103,GBP/USD,2020-06-05,1.260287,1.272977,1.258431,1.260907,0.0
19104,GBP/USD,2020-06-08,1.271391,1.271876,1.262866,1.272572,0.0
19105,GBP/USD,2020-06-09,1.273237,1.275494,1.26269,1.273528,0.0
19106,GBP/USD,2020-06-10,1.271133,1.280033,1.270745,1.271133,0.0
19107,GBP/USD,2020-06-11,1.271423,1.275039,1.262499,1.271068,0.0
19108,GBP/USD,2020-06-12,1.257561,1.265086,1.252332,1.257703,0.0
19109,GBP/USD,2020-06-15,1.251236,1.257846,1.245625,1.250876,0.0
19110,GBP/USD,2020-06-16,1.263823,1.268713,1.256029,1.263775,0.0
19111,GBP/USD,2020-06-17,1.258384,1.258732,1.251423,1.258511,0.0
19112,GBP/USD,2020-06-18,1.255162,1.256329,1.240464,1.255272,0.0
19113,GBP/USD,2020-06-19,1.242483,1.245485,1.235086,1.242684,0.0
19114,GBP/USD,2020-06-22,1.234553,1.245501,1.23373,1.234812,0.0
19115,GBP/USD,2020-06-23,1.249938,1.253164,1.243379,1.250156,0.0
19116,GBP/USD,2020-06-24,1.252803,1.254301,1.241696,1.252489,0.0
19117,GBP/USD,2020-06-25,1.241511,1.246417,1.239357,1.241295,0.0
19118,GBP/USD,2020-06-26,1.242421,1.243688,1.231724,1.242545,0.0
19119,GBP/USD,2020-06-29,1.234096,1.239004,1.225415,1.234217,0.0
19120,GBP/USD,2020-06-30,1.231072,1.239203,1.226001,1.231057,0.0
19121,GBP/USD,2020-07-01,1.238866,1.247738,1.236033,1.238927,0.0
19122,GBP/USD,2020-07-02,1.246821,1.252976,1.246184,1.246479,0.0
19123,GBP/USD,2020-07-03,1.246696,1.248626,1.244075,1.24664,0.0
19124,GBP/USD,2020-07-06,1.247754,1.251987,1.247676,1.247552,0.0
19125,GBP/USD,2020-07-07,1.249453,1.259097,1.246385,1.249547,0.0
19126,GBP/USD,2020-07-08,1.253793,1.260033,1.251016,1.25428,0.0
19127,GBP/USD,2020-07-09,1.261273,1.266945,1.260224,1.261352,0.0
19128,GBP/USD,2020-07-10,1.260653,1.2664,1.256913,1.260509,0.0
19129,GBP/USD,2020-07-13,1.26269,1.266641,1.259303,1.262751,0.0
19130,GBP/USD,2020-07-14,1.254973,1.255966,1.24819,1.255178,0.0
19131,GBP/USD,2020-07-15,1.257118,1.264974,1.256439,1.256929,0.0
19132,GBP/USD,2020-07-16,1.259034,1.262435,1.252097,1.2591,0.0
19133,GBP/USD,2020-07-17,1.256013,1.257229,1.251345,1.25595,0.0
19134,GBP/USD,2020-07-20,1.257229,1.265935,1.251909,1.257118,0.0
19135,GBP/USD,2020-07-21,1.266464,1.275136,1.265278,1.266175,0.0
19136,GBP/USD,2020-07-22,1.273447,1.27408,1.264574,1.273075,0.0
19137,GBP/USD,2020-07-23,1.273091,1.275982,1.267427,1.272993,0.0
19138,GBP/USD,2020-07-24,1.273058,1.279476,1.272006,1.273075,0.0
19139,GBP/USD,2020-07-27,1.279803,1.289956,1.279803,1.279591,0.0
19140,GBP/USD,2020-07-28,1.288876,1.294884,1.284142,1.288975,0.0
19141,GBP/USD,2020-07-29,1.292725,1.299376,1.291272,1.292374,0.0
19142,GBP/USD,2020-07-30,1.298263,1.306984,1.294565,1.298246,0.0
19143,GBP/USD,2020-07-31,1.311751,1.316968,1.310668,1.311785,0.0
19144,GBP/USD,2020-08-03,1.310101,1.311166,1.300593,1.31017,0.0
19145,GBP/USD,2020-08-04,1.307805,1.310633,1.29842,1.307873,0.0
19146,GBP/USD,2020-08-05,1.308695,1.316205,1.306046,1.308609,0.0
19147,GBP/USD,2020-08-06,1.312698,1.318513,1.311974,1.31268,0.0
19148,GBP/USD,2020-08-07,1.313439,1.314803,1.301168,1.313802,0.0
19149,GBP/USD,2020-08-10,1.305296,1.310204,1.301965,1.305227,0.0
19150,GBP/USD,2020-08-11,1.307617,1.313129,1.305739,1.307719,0.0
19151,GBP/USD,2020-08-12,1.305432,1.306677,1.300728,1.305074,0.0
19152,GBP/USD,2020-08-13,1.304972,1.312164,1.3045,1.304802,0.0
19153,GBP/USD,2020-08-14,1.307002,1.314164,1.305074,1.307053,0.0
19154,GBP/USD,2020-08-17,1.310444,1.312129,1.30748,1.3107,0.0
19155,GBP/USD,2020-08-18,1.310788,1.324047,1.310719,1.310788,0.0
19156,GBP/USD,2020-08-19,1.325311,1.326735,1.317367,1.325399,0.0
19157,GBP/USD,2020-08-20,1.310753,1.319366,1.306609,1.31108,0.0
19158,GBP/USD,2020-08-21,1.322157,1.325486,1.306404,1.322034,0.0
19159,GBP/USD,2020-08-24,1.309278,1.314924,1.306455,1.309415,0.0
19160,GBP/USD,2020-08-25,1.307207,1.317055,1.305977,1.307138,0.0
19161,GBP/USD,2020-08-26,1.314924,1.321248,1.311819,1.315218,0.0
19162,GBP/USD,2020-08-27,1.321895,1.327981,1.316673,1.321982,0.0
19163,GBP/USD,2020-08-28,1.31997,1.335363,1.318826,1.319958,0.0
19164,GBP/USD,2020-08-31,1.335506,1.339316,1.330265,1.335648,0.0
19165,GBP/USD,2020-09-01,1.336505,1.348072,1.335648,1.336452,0.0
19166,GBP/USD,2020-09-02,1.340051,1.340141,1.328533,1.339944,0.0
19167,GBP/USD,2020-09-03,1.334999,1.334999,1.324696,1.335131,0.0
19168,GBP/USD,2020-09-04,1.3267,1.331824,1.317801,1.326225,0.0
19169,GBP/USD,2020-09-07,1.324837,1.325908,1.314302,1.324574,0.0
19170,GBP/USD,2020-09-08,1.316257,1.316656,1.301219,1.316222,0.0
19171,GBP/USD,2020-09-09,1.296798,1.301795,1.288726,1.296849,0.0
19172,GBP/USD,2020-09-10,1.299883,1.303356,1.284406,1.299917,0.0
19173,GBP/USD,2020-09-11,1.281082,1.286008,1.276585,1.28083,0.0
19174,GBP/USD,2020-09-14,1.280984,1.291506,1.279198,1.280656,0.0
19175,GBP/USD,2020-09-15,1.284687,1.292491,1.281723,1.284967,0.0
19176,GBP/USD,2020-09-16,1.288328,1.300576,1.28783,1.288477,0.0
19177,GBP/USD,2020-09-17,1.296109,1.299511,1.286654,1.296,0.0
19178,GBP/USD,2020-09-18,1.298415,1.299917,1.293661,1.297555,0.0
19179,GBP/USD,2020-09-21,1.293343,1.296613,1.278159,1.293276,0.0
19180,GBP/USD,2020-09-22,1.281673,1.286587,1.271407,1.282051,0.0
19181,GBP/USD,2020-09-23,1.274356,1.27758,1.267957,1.274405,0.0
19182,GBP/USD,2020-09-24,1.271795,1.277449,1.269277,1.271747,0.0
19183,GBP/USD,2020-09-25,1.275657,1.280377,1.269132,1.275705,0.0
19184,GBP/USD,2020-09-28,1.276539,1.291906,1.275315,1.276683,0.0
19185,GBP/USD,2020-09-29,1.287283,1.289873,1.283648,1.287349,0.0
19186,GBP/USD,2020-09-30,1.286505,1.293962,1.280787,1.286654,0.0
19187,GBP/USD,2020-10-01,1.291823,1.298027,1.282298,1.291756,0.0
19188,GBP/USD,2020-10-02,1.28856,1.295102,1.283961,1.288627,0.0
19189,GBP/USD,2020-10-05,1.292808,1.298752,1.290156,1.293109,0.0
19190,GBP/USD,2020-10-06,1.299207,1.300898,1.29234,1.299258,0.0
19191,GBP/USD,2020-10-07,1.288477,1.292925,1.285033,1.288328,0.0
19192,GBP/USD,2020-10-08,1.291656,1.296933,1.289657,1.291756,0.0
19193,GBP/USD,2020-10-09,1.293929,1.301507,1.292674,1.294046,0.0
19194,GBP/USD,2020-10-12,1.302932,1.307976,1.300559,1.303169,0.0
19195,GBP/USD,2020-10-13,1.306592,1.306745,1.296193,1.306575,0.0
19196,GBP/USD,2020-10-14,1.293326,1.306267,1.28667,1.293527,0.0
19197,GBP/USD,2020-10-15,1.301439,1.302932,1.289258,1.301236,0.0
19198,GBP/USD,2020-10-16,1.290306,1.296176,1.287333,1.290206,0.0
19199,GBP/USD,2020-10-19,1.292775,1.302287,1.292491,1.292775,0.0
19200,GBP/USD,2020-10-20,1.2947,1.297791,1.291272,1.294867,0.0
19201,GBP/USD,2020-10-21,1.295706,1.317141,1.295521,1.295404,0.0
19202,GBP/USD,2020-10-22,1.313111,1.314994,1.307172,1.313198,0.0
19203,GBP/USD,2020-10-23,1.307839,1.311441,1.30227,1.307805,0.0
19204,GBP/USD,2020-10-26,1.305364,1.307258,1.299545,1.305466,0.0
19205,GBP/USD,2020-10-27,1.301727,1.307788,1.300255,1.301575,0.0
19206,GBP/USD,2020-10-28,1.303169,1.306353,1.291839,1.303186,0.0
19207,GBP/USD,2020-10-29,1.298786,1.302524,1.288361,1.298988,0.0
19208,GBP/USD,2020-10-30,1.293209,1.298752,1.290006,1.293193,0.0
19209,GBP/USD,2020-11-02,1.292708,1.294247,1.285678,1.292674,0.0
19210,GBP/USD,2020-11-03,1.2924,1.307702,1.291606,1.29239,0.0
19211,GBP/USD,2020-11-04,1.313267,1.313767,1.291789,1.312164,0.0
19212,GBP/USD,2020-11-05,1.296109,1.313249,1.294264,1.29668,0.0
19213,GBP/USD,2020-11-06,1.313836,1.317593,1.309552,1.31394,0.0
19214,GBP/USD,2020-11-09,1.317922,1.320585,1.312164,1.318061,0.0
19215,GBP/USD,2020-11-10,1.31676,1.327633,1.315876,1.316968,0.0
19216,GBP/USD,2020-11-11,1.326154,1.329451,1.319435,1.326154,0.0
19217,GBP/USD,2020-11-12,1.322401,1.322874,1.31256,1.322419,0.0
19218,GBP/USD,2020-11-13,1.312388,1.318687,1.311131,1.312164,0.0
19219,GBP/USD,2020-11-16,1.321982,1.324188,1.316864,1.322052,0.0
19220,GBP/USD,2020-11-17,1.322314,1.32714,1.319383,1.322209,0.0
19221,GBP/USD,2020-11-18,1.325926,1.331115,1.324503,1.325908,0.0
19222,GBP/USD,2020-11-19,1.324486,1.32635,1.319958,1.325645,0.0
19223,GBP/USD,2020-11-20,1.325047,1.329557,1.32496,1.324924,0.0
19224,GBP/USD,2020-11-23,1.330336,1.339764,1.326665,1.330513,0.0
19225,GBP/USD,2020-11-24,1.332356,1.337972,1.329593,1.332907,0.0
19226,GBP/USD,2020-11-25,1.336237,1.339351,1.330707,1.336327,0.0
19227,GBP/USD,2020-11-26,1.338473,1.33987,1.332303,1.338545,0.0
19228,GBP/USD,2020-11-27,1.33522,1.338115,1.329593,1.335452,0.0
19229,GBP/USD,2020-11-30,1.333067,1.338133,1.330637,1.333191,0.0
19230,GBP/USD,2020-12-01,1.333725,1.343851,1.331913,1.333689,0.0
19231,GBP/USD,2020-12-02,1.342228,1.34414,1.329169,1.342264,0.0
19232,GBP/USD,2020-12-03,1.337095,1.350001,1.335434,1.337077,0.0
19233,GBP/USD,2020-12-04,1.345261,1.353766,1.341814,1.345497,0.0
19234,GBP/USD,2020-12-07,1.341562,1.343653,1.322741,1.341742,0.0
19235,GBP/USD,2020-12-08,1.335702,1.338491,1.329169,1.335738,0.0
19236,GBP/USD,2020-12-09,1.336648,1.347654,1.336273,1.336559,0.0
19237,GBP/USD,2020-12-10,1.336666,1.338957,1.324995,1.336702,0.0
19238,GBP/USD,2020-12-11,1.33023,1.3325,1.313698,1.330566,0.0
19239,GBP/USD,2020-12-14,1.331824,1.344375,1.329328,1.331824,0.0
19240,GBP/USD,2020-12-15,1.332539,1.344863,1.328515,1.333084,0.0
19241,GBP/USD,2020-12-16,1.34476,1.355014,1.343544,1.344447,0.0
19242,GBP/USD,2020-12-17,1.350293,1.362194,1.349673,1.350293,0.0
19243,GBP/USD,2020-12-18,1.356944,1.357239,1.347473,1.357018,0.0
19244,GBP/USD,2020-12-21,1.340267,1.341184,1.319226,1.340195,0.0
19245,GBP/USD,2020-12-22,1.344827,1.345659,1.330955,1.344954,0.0
19246,GBP/USD,2020-12-23,1.339746,1.356135,1.337292,1.339944,0.0
19247,GBP/USD,2020-12-24,1.351114,1.362027,1.350713,1.35053,0.0
19248,GBP/USD,2020-12-25,1.356963,1.3613,1.351534,1.355201,0.0
19249,GBP/USD,2020-12-28,1.357368,1.357773,1.343598,1.357239,0.0
19250,GBP/USD,2020-12-29,1.346566,1.352064,1.346185,1.346602,0.0
19251,GBP/USD,2020-12-30,1.349764,1.361748,1.349455,1.34999,0.0
19252,GBP/USD,2020-12-31,1.362992,1.368457,1.360933,1.363066,0.0
19253,GBP/USD,2021-01-01,1.369,1.369,1.3666,1.367301,0.0
19254,GBP/USD,2021-01-04,1.36827,1.370379,1.354903,1.36842,0.0
19255,GBP/USD,2021-01-05,1.357294,1.362583,1.355565,1.35716,0.0
19256,GBP/USD,2021-01-06,1.362639,1.366979,1.354298,1.362955,0.0
19257,GBP/USD,2021-01-07,1.362231,1.363382,1.354133,1.362528,0.0
19258,GBP/USD,2021-01-08,1.356815,1.363178,1.354041,1.356963,0.0
19259,GBP/USD,2021-01-11,1.3521,1.352979,1.345424,1.351625,0.0
19260,GBP/USD,2021-01-12,1.352576,1.363568,1.350767,1.352411,0.0
19261,GBP/USD,2021-01-13,1.36689,1.369994,1.362249,1.367054,0.0
19262,GBP/USD,2021-01-14,1.364722,1.369319,1.36173,1.364927,0.0
19263,GBP/USD,2021-01-15,1.368363,1.369788,1.357405,1.368363,0.0
19264,GBP/USD,2021-01-18,1.357423,1.358991,1.3521,1.357534,0.0
19265,GBP/USD,2021-01-19,1.358253,1.362788,1.358253,1.358124,0.0
19266,GBP/USD,2021-01-20,1.364498,1.37146,1.362416,1.364424,0.0
19267,GBP/USD,2021-01-21,1.366662,1.374533,1.366064,1.366848,0.0
19268,GBP/USD,2021-01-22,1.373042,1.37374,1.363717,1.372947,0.0
19269,GBP/USD,2021-01-25,1.368719,1.372288,1.365113,1.36882,0.0
19270,GBP/USD,2021-01-26,1.367559,1.374419,1.361044,1.367899,0.0
19271,GBP/USD,2021-01-27,1.374174,1.375989,1.366232,1.374155,0.0
19272,GBP/USD,2021-01-28,1.367353,1.373268,1.363159,1.366942,0.0
19273,GBP/USD,2021-01-29,1.372646,1.375119,1.365878,1.372501,0.0
19274,GBP/USD,2021-02-01,1.369807,1.375686,1.365803,1.369769,0.0
19275,GBP/USD,2021-02-02,1.367559,1.370952,1.361359,1.367877,0.0
19276,GBP/USD,2021-02-03,1.366214,1.368232,1.362101,1.365934,0.0
19277,GBP/USD,2021-02-04,1.365039,1.369863,1.357147,1.364908,0.0
19278,GBP/USD,2021-02-05,1.367278,1.374004,1.366755,1.367615,0.0
19279,GBP/USD,2021-02-08,1.373928,1.374986,1.368251,1.373872,0.0
19280,GBP/USD,2021-02-09,1.37457,1.379881,1.374382,1.37457,0.0
19281,GBP/USD,2021-02-10,1.381654,1.386599,1.380453,1.381799,0.0
19282,GBP/USD,2021-02-11,1.383241,1.385617,1.381082,1.38326,0.0
19283,GBP/USD,2021-02-12,1.381101,1.385675,1.377695,1.381025,0.0
19284,GBP/USD,2021-02-15,1.387155,1.391971,1.386689,1.387155,0.0
19285,GBP/USD,2021-02-16,1.391362,1.395148,1.387059,1.391479,0.0
19286,GBP/USD,2021-02-17,1.388638,1.39026,1.383145,1.388812,0.0
19287,GBP/USD,2021-02-18,1.386597,1.398445,1.384064,1.386636,0.0
19288,GBP/USD,2021-02-19,1.396804,1.403509,1.395206,1.396746,0.0
19289,GBP/USD,2021-02-22,1.402761,1.407598,1.398152,1.403115,0.0
19290,GBP/USD,2021-02-23,1.407024,1.411472,1.405738,1.407123,0.0
19291,GBP/USD,2021-02-24,1.41209,1.421707,1.408709,1.412031,0.0
19292,GBP/USD,2021-02-25,1.414547,1.418218,1.410059,1.414827,0.0
19293,GBP/USD,2021-02-26,1.400541,1.402013,1.389082,1.400815,0.0
19294,GBP/USD,2021-03-01,1.397624,1.399972,1.390569,1.397253,0.0
19295,GBP/USD,2021-03-02,1.392874,1.396219,1.385982,1.392952,0.0
19296,GBP/USD,2021-03-03,1.395479,1.400325,1.392292,1.395498,0.0
19297,GBP/USD,2021-03-04,1.39237,1.40111,1.391788,1.392699,0.0
19298,GBP/USD,2021-03-05,1.389506,1.39053,1.37817,1.38941,0.0
19299,GBP/USD,2021-03-08,1.384811,1.385999,1.380281,1.385368,0.0
19300,GBP/USD,2021-03-09,1.382437,1.392118,1.380338,1.382361,0.0
19301,GBP/USD,2021-03-10,1.38871,1.393417,1.384677,1.389043,0.0
19302,GBP/USD,2021-03-11,1.39313,1.398054,1.392176,1.393146,0.0
19303,GBP/USD,2021-03-12,1.398641,1.400403,1.386789,1.398993,0.0
19304,GBP/USD,2021-03-15,1.393088,1.394895,1.385425,1.392952,0.0
19305,GBP/USD,2021-03-16,1.390028,1.390125,1.381139,1.389912,0.0
19306,GBP/USD,2021-03-17,1.390279,1.392699,1.386886,1.390221,0.0
19307,GBP/USD,2021-03-18,1.397312,1.40005,1.389835,1.397585,0.0
19308,GBP/USD,2021-03-19,1.392312,1.395654,1.383279,1.392506,0.0
19309,GBP/USD,2021-03-22,1.383489,1.387521,1.381884,1.38326,0.0
19310,GBP/USD,2021-03-23,1.386021,1.386309,1.375592,1.386251,0.0
19311,GBP/USD,2021-03-24,1.373626,1.374249,1.367484,1.373042,0.0
19312,GBP/USD,2021-03-25,1.369019,1.373909,1.367073,1.368888,0.0
19313,GBP/USD,2021-03-26,1.374778,1.380987,1.374344,1.374911,0.0
19314,GBP/USD,2021-03-29,1.37893,1.384658,1.375724,1.379101,0.0
19315,GBP/USD,2021-03-30,1.377467,1.37836,1.370821,1.377505,0.0
19316,GBP/USD,2021-03-31,1.374759,1.381025,1.371817,1.374665,0.0
19317,GBP/USD,2021-04-01,1.378873,1.3837,1.37493,1.378626,0.0
19318,GBP/USD,2021-04-02,1.383509,1.385425,1.381444,1.383509,0.0
19319,GBP/USD,2021-04-05,1.382973,1.391382,1.381425,1.383126,0.0
19320,GBP/USD,2021-04-06,1.391324,1.391982,1.381941,1.391401,0.0
19321,GBP/USD,2021-04-07,1.383069,1.383968,1.373023,1.383126,0.0
19322,GBP/USD,2021-04-08,1.374023,1.37836,1.372043,1.374382,0.0
19323,GBP/USD,2021-04-09,1.373626,1.375327,1.367185,1.373438,0.0
19324,GBP/USD,2021-04-12,1.370858,1.377714,1.367054,1.371215,0.0
19325,GBP/USD,2021-04-13,1.375421,1.3769,1.370276,1.375383,0.0
19326,GBP/USD,2021-04-14,1.376273,1.380891,1.375062,1.37597,0.0
19327,GBP/USD,2021-04-15,1.37779,1.380891,1.376273,1.377923,0.0
19328,GBP/USD,2021-04-16,1.378474,1.382762,1.371893,1.37855,0.0
19329,GBP/USD,2021-04-19,1.381941,1.399189,1.381044,1.381845,0.0
19330,GBP/USD,2021-04-20,1.399208,1.400953,1.393592,1.399384,0.0
19331,GBP/USD,2021-04-21,1.393728,1.394895,1.388696,1.393884,0.0
19332,GBP/USD,2021-04-22,1.39328,1.395089,1.382858,1.393185,0.0
19333,GBP/USD,2021-04-23,1.384409,1.389661,1.383719,1.384026,0.0
19334,GBP/USD,2021-04-26,1.386713,1.392932,1.386674,1.386636,0.0
19335,GBP/USD,2021-04-27,1.389468,1.39235,1.385944,1.389564,0.0
19336,GBP/USD,2021-04-28,1.390301,1.392195,1.386251,1.390356,0.0
19337,GBP/USD,2021-04-29,1.395673,1.397585,1.393301,1.395673,0.0
19338,GBP/USD,2021-04-30,1.39505,1.395868,1.381025,1.395284,0.0
19339,GBP/USD,2021-05-03,1.381922,1.393107,1.380548,1.381979,0.0
19340,GBP/USD,2021-05-04,1.390395,1.390627,1.384064,1.390376,0.0
19341,GBP/USD,2021-05-05,1.38887,1.392641,1.38779,1.388812,0.0
19342,GBP/USD,2021-05-06,1.391246,1.393825,1.386655,1.390975,0.0
19343,GBP/USD,2021-05-07,1.389642,1.40007,1.389198,1.389854,0.0
19344,GBP/USD,2021-05-10,1.403749,1.415769,1.401581,1.40412,0.0
19345,GBP/USD,2021-05-11,1.413228,1.415789,1.410656,1.413128,0.0
19346,GBP/USD,2021-05-12,1.413727,1.415027,1.407836,1.413827,0.0
19347,GBP/USD,2021-05-13,1.406035,1.407935,1.400796,1.406371,0.0
19348,GBP/USD,2021-05-14,1.404692,1.411034,1.403706,1.405086,0.0
19349,GBP/USD,2021-05-17,1.41,1.412829,1.407856,1.410179,0.0
19350,GBP/USD,2021-05-18,1.414847,1.42205,1.414687,1.414867,0.0
19351,GBP/USD,2021-05-19,1.419003,1.4202,1.413408,1.418802,0.0
19352,GBP/USD,2021-05-20,1.410795,1.418138,1.410318,1.410616,0.0
19353,GBP/USD,2021-05-21,1.418681,1.423346,1.415428,1.41856,0.0
19354,GBP/USD,2021-05-24,1.414027,1.417133,1.411851,1.414287,0.0
19355,GBP/USD,2021-05-25,1.415689,1.42104,1.411771,1.415609,0.0
19356,GBP/USD,2021-05-26,1.414327,1.417635,1.411931,1.414387,0.0
19357,GBP/USD,2021-05-27,1.411313,1.419487,1.409225,1.411612,0.0
19358,GBP/USD,2021-05-28,1.420354,1.420656,1.413707,1.420374,0.0
19359,GBP/USD,2021-05-31,1.418239,1.421686,1.416591,1.418037,0.0
19360,GBP/USD,2021-06-01,1.422758,1.424725,1.415568,1.422678,0.0
19361,GBP/USD,2021-06-02,1.415669,1.41844,1.411512,1.415709,0.0
19362,GBP/USD,2021-06-03,1.417214,1.420192,1.409304,1.417193,0.0
19363,GBP/USD,2021-06-04,1.411034,1.420051,1.408599,1.410994,0.0
19364,GBP/USD,2021-06-07,1.41619,1.418399,1.411233,1.416431,0.0
19365,GBP/USD,2021-06-08,1.417649,1.418641,1.41237,1.417656,0.0
19366,GBP/USD,2021-06-09,1.414827,1.418842,1.411572,1.414988,0.0
19367,GBP/USD,2021-06-10,1.411114,1.417053,1.407559,1.411233,0.0
19368,GBP/USD,2021-06-11,1.417113,1.418641,1.410636,1.417013,0.0
19369,GBP/USD,2021-06-14,1.412031,1.412429,1.407162,1.411931,0.0
19370,GBP/USD,2021-06-15,1.411034,1.412848,1.403686,1.410994,0.0
19371,GBP/USD,2021-06-16,1.408312,1.413228,1.407697,1.408153,0.0
19372,GBP/USD,2021-06-17,1.398347,1.400953,1.391208,1.399071,0.0
19373,GBP/USD,2021-06-18,1.393903,1.394506,1.37971,1.393864,0.0
19374,GBP/USD,2021-06-21,1.381654,1.391982,1.378721,1.381712,0.0
19375,GBP/USD,2021-06-22,1.392312,1.393049,1.386328,1.39254,0.0
19376,GBP/USD,2021-06-23,1.394875,1.400168,1.392486,1.394992,0.0
19377,GBP/USD,2021-06-24,1.396824,1.39866,1.389159,1.396746,0.0
19378,GBP/USD,2021-06-25,1.391788,1.393728,1.389217,1.391692,0.0
19379,GBP/USD,2021-06-28,1.3897,1.393922,1.387675,1.389506,0.0
19380,GBP/USD,2021-06-29,1.387925,1.388118,1.381597,1.387906,0.0
19381,GBP/USD,2021-06-30,1.384179,1.387155,1.380529,1.384275,0.0
19382,GBP/USD,2021-07-01,1.382762,1.383317,1.376387,1.382915,0.0
19383,GBP/USD,2021-07-02,1.37597,1.379767,1.373872,1.375951,0.0
19384,GBP/USD,2021-07-05,1.382935,1.386386,1.381922,1.383126,0.0
19385,GBP/USD,2021-07-06,1.385329,1.389854,1.378987,1.385617,0.0
19386,GBP/USD,2021-07-07,1.380091,1.38405,1.375743,1.380567,0.0
19387,GBP/USD,2021-07-08,1.379958,1.380281,1.374249,1.38011,0.0
19388,GBP/USD,2021-07-09,1.37931,1.387732,1.376046,1.379082,0.0
19389,GBP/USD,2021-07-12,1.389854,1.391014,1.384045,1.389951,0.0
19390,GBP/USD,2021-07-13,1.388966,1.390627,1.380167,1.388696,0.0
19391,GBP/USD,2021-07-14,1.380434,1.389101,1.380243,1.380605,0.0
19392,GBP/USD,2021-07-15,1.385713,1.389758,1.381406,1.385809,0.0
19393,GBP/USD,2021-07-16,1.382973,1.386194,1.377429,1.382973,0.0
19394,GBP/USD,2021-07-19,1.376216,1.376292,1.366568,1.376387,0.0
19395,GBP/USD,2021-07-20,1.366867,1.368869,1.357368,1.366998,0.0
19396,GBP/USD,2021-07-21,1.363457,1.369488,1.359194,1.363327,0.0
19397,GBP/USD,2021-07-22,1.371261,1.378759,1.3693,1.371404,0.0
19398,GBP/USD,2021-07-23,1.37741,1.378094,1.372119,1.37739,0.0
19399,GBP/USD,2021-07-26,1.375724,1.383298,1.373796,1.375781,0.0
19400,GBP/USD,2021-07-27,1.382552,1.389275,1.376804,1.382915,0.0
19401,GBP/USD,2021-07-28,1.388677,1.389661,1.384639,1.388272,0.0
19402,GBP/USD,2021-07-29,1.390821,1.39821,1.389989,1.390685,0.0
19403,GBP/USD,2021-07-30,1.396433,1.398406,1.389719,1.396433,0.0
19404,GBP/USD,2021-08-02,1.389661,1.39334,1.388503,1.389622,0.0
19405,GBP/USD,2021-08-03,1.389101,1.394,1.3886,1.389275,0.0
19406,GBP/USD,2021-08-04,1.391595,1.395693,1.390144,1.391788,0.0
19407,GBP/USD,2021-08-05,1.389024,1.394758,1.387598,1.389043,0.0
19408,GBP/USD,2021-08-06,1.392777,1.39332,1.386251,1.392758,0.0
19409,GBP/USD,2021-08-09,1.38677,1.389352,1.384658,1.386847,0.0
19410,GBP/USD,2021-08-10,1.38485,1.387059,1.383375,1.384907,0.0
19411,GBP/USD,2021-08-11,1.3837,1.387213,1.380529,1.383604,0.0
19412,GBP/USD,2021-08-12,1.386847,1.387809,1.382361,1.386693,0.0
19413,GBP/USD,2021-08-13,1.381158,1.386213,1.37931,1.381158,0.0
19414,GBP/USD,2021-08-16,1.386636,1.387424,1.382973,1.386386,0.0
19415,GBP/USD,2021-08-17,1.384275,1.384275,1.373664,1.384275,0.0
19416,GBP/USD,2021-08-18,1.374004,1.377031,1.3734,1.374042,0.0
19417,GBP/USD,2021-08-19,1.374438,1.374967,1.365411,1.374382,0.0
19418,GBP/USD,2021-08-20,1.363178,1.364257,1.360359,1.363085,0.0
19419,GBP/USD,2021-08-23,1.362843,1.372006,1.362843,1.362528,0.0
19420,GBP/USD,2021-08-24,1.372458,1.374759,1.369582,1.372476,0.0
19421,GBP/USD,2021-08-25,1.372778,1.374287,1.369919,1.372552,0.0
19422,GBP/USD,2021-08-26,1.376463,1.376955,1.371065,1.376652,0.0
19423,GBP/USD,2021-08-27,1.3696,1.378094,1.368101,1.370238,0.0
19424,GBP/USD,2021-08-30,1.376519,1.377676,1.373626,1.3763,0.0
19425,GBP/USD,2021-08-31,1.376065,1.380434,1.374419,1.376046,0.0
19426,GBP/USD,2021-09-01,1.37537,1.379824,1.373174,1.37534,0.0
19427,GBP/USD,2021-09-02,1.37741,1.383585,1.376823,1.377164,0.0
19428,GBP/USD,2021-09-03,1.383796,1.387463,1.381979,1.383681,0.0
19429,GBP/USD,2021-09-06,1.38593,1.386001,1.381941,1.385925,0.0
19430,GBP/USD,2021-09-07,1.384026,1.385694,1.377012,1.383949,0.0
19431,GBP/USD,2021-09-08,1.37798,1.37912,1.372853,1.37798,0.0
19432,GBP/USD,2021-09-09,1.376652,1.385406,1.3754,1.376766,0.0
19433,GBP/USD,2021-09-10,1.383892,1.388889,1.383432,1.383968,0.0
19434,GBP/USD,2021-09-13,1.384026,1.385233,1.379786,1.384083,0.0
19435,GBP/USD,2021-09-14,1.384121,1.391324,1.383126,1.383815,0.0
19436,GBP/USD,2021-09-15,1.380853,1.385195,1.37931,1.381025,0.0
19437,GBP/USD,2021-09-16,1.384696,1.385042,1.376463,1.384888,0.0
19438,GBP/USD,2021-09-17,1.379938,1.381406,1.374363,1.379701,0.0
19439,GBP/USD,2021-09-20,1.372872,1.372985,1.364741,1.372966,0.0
19440,GBP/USD,2021-09-21,1.366064,1.369357,1.364219,1.36627,0.0
19441,GBP/USD,2021-09-22,1.365934,1.367802,1.361786,1.365747,0.0
19442,GBP/USD,2021-09-23,1.362008,1.374949,1.361285,1.361711,0.0
19443,GBP/USD,2021-09-24,1.372194,1.37377,1.365952,1.37225,0.0
19444,GBP/USD,2021-09-27,1.366942,1.372872,1.365934,1.366904,0.0
19445,GBP/USD,2021-09-28,1.370099,1.37178,1.352539,1.370163,0.0
19446,GBP/USD,2021-09-29,1.354151,1.355454,1.342408,1.354224,0.0
19447,GBP/USD,2021-09-30,1.342624,1.351717,1.341742,1.342642,0.0
19448,GBP/USD,2021-10-01,1.346965,1.357349,1.343634,1.346983,0.0
19449,GBP/USD,2021-10-04,1.357092,1.363977,1.353363,1.357092,0.0
19450,GBP/USD,2021-10-05,1.360766,1.365001,1.358585,1.360748,0.0
19451,GBP/USD,2021-10-06,1.362565,1.363141,1.354463,1.362769,0.0
19452,GBP/USD,2021-10-07,1.359268,1.363736,1.357184,1.359213,0.0
19453,GBP/USD,2021-10-08,1.361953,1.365374,1.358493,1.362027,0.0
19454,GBP/USD,2021-10-11,1.361823,1.367428,1.361285,1.361656,0.0
19455,GBP/USD,2021-10-12,1.359287,1.363736,1.357036,1.359065,0.0
19456,GBP/USD,2021-10-13,1.357718,1.364759,1.3577,1.357884,0.0
19457,GBP/USD,2021-10-14,1.367073,1.373438,1.365896,1.366923,0.0
19458,GBP/USD,2021-10-15,1.366867,1.377354,1.366867,1.366886,0.0
19459,GBP/USD,2021-10-18,1.376008,1.376406,1.371084,1.376159,0.0
19460,GBP/USD,2021-10-19,1.373815,1.3832,1.373815,1.373645,0.0
19461,GBP/USD,2021-10-20,1.379482,1.382361,1.374325,1.37932,0.0
19462,GBP/USD,2021-10-21,1.382361,1.383399,1.378721,1.3823,0.0
19463,GBP/USD,2021-10-22,1.37912,1.381425,1.374306,1.37912,0.0
19464,GBP/USD,2021-10-25,1.376652,1.379177,1.374344,1.376273,0.0
19465,GBP/USD,2021-10-26,1.376614,1.382954,1.375819,1.376444,0.0
19466,GBP/USD,2021-10-27,1.376842,1.378037,1.371084,1.376614,0.0
19467,GBP/USD,2021-10-28,1.373249,1.381521,1.372307,1.373287,0.0
19468,GBP/USD,2021-10-29,1.380072,1.380453,1.368176,1.380072,0.0
19469,GBP/USD,2021-11-01,1.368644,1.369244,1.364238,1.368326,0.0
19470,GBP/USD,2021-11-02,1.365934,1.366718,1.361081,1.365542,0.0
19471,GBP/USD,2021-11-03,1.361748,1.366456,1.361137,1.361739,0.0
19472,GBP/USD,2021-11-04,1.369357,1.369469,1.34732,1.369488,0.0
19473,GBP/USD,2021-11-05,1.35095,1.350986,1.342588,1.35086,0.0
19474,GBP/USD,2021-11-08,1.348963,1.357976,1.345189,1.349127,0.0
19475,GBP/USD,2021-11-09,1.356374,1.360544,1.352631,1.356451,0.0
19476,GBP/USD,2021-11-10,1.356098,1.356668,1.346838,1.356,0.0
19477,GBP/USD,2021-11-11,1.341274,1.343274,1.337023,1.341274,0.0
19478,GBP/USD,2021-11-12,1.33672,1.342282,1.335399,1.336648,0.0
19479,GBP/USD,2021-11-15,1.341688,1.344954,1.340393,1.341706,0.0
19480,GBP/USD,2021-11-16,1.341094,1.347346,1.341094,1.340842,0.0
19481,GBP/USD,2021-11-17,1.342426,1.349018,1.340267,1.342462,0.0
19482,GBP/USD,2021-11-18,1.348963,1.35139,1.34654,1.349164,0.0
19483,GBP/USD,2021-11-19,1.349837,1.350986,1.340842,1.349965,0.0
19484,GBP/USD,2021-11-22,1.34336,1.34499,1.339226,1.343454,0.0
19485,GBP/USD,2021-11-23,1.339764,1.340842,1.334419,1.339764,0.0
19486,GBP/USD,2021-11-24,1.337578,1.338975,1.332481,1.337596,0.0
19487,GBP/USD,2021-11-25,1.333102,1.335301,1.330654,1.333067,0.0
19488,GBP/USD,2021-11-26,1.331345,1.334846,1.328057,1.331416,0.0
19489,GBP/USD,2021-11-29,1.333956,1.336309,1.329027,1.334098,0.0
19490,GBP/USD,2021-11-30,1.331664,1.336934,1.32062,1.331505,0.0
19491,GBP/USD,2021-12-01,1.329593,1.335113,1.327721,1.329593,0.0
19492,GBP/USD,2021-12-02,1.327933,1.333262,1.327246,1.328,0.0
19493,GBP/USD,2021-12-03,1.33007,1.330814,1.321144,1.329999,0.0
19494,GBP/USD,2021-12-06,1.323294,1.328551,1.322384,1.323732,0.0
19495,GBP/USD,2021-12-07,1.326418,1.328974,1.321056,1.326436,0.0
19496,GBP/USD,2021-12-08,1.324854,1.32626,1.317471,1.324609,0.0
19497,GBP/USD,2021-12-09,1.321004,1.321702,1.317627,1.321004,0.0
19498,GBP/USD,2021-12-10,1.322489,1.327105,1.319087,1.322401,0.0
19499,GBP/USD,2021-12-13,1.325803,1.326876,1.322244,1.325715,0.0
19500,GBP/USD,2021-12-14,1.321336,1.325557,1.319087,1.321353,0.0
19501,GBP/USD,2021-12-15,1.323136,1.328286,1.320812,1.323051,0.0
19502,GBP/USD,2021-12-16,1.326401,1.337327,1.32431,1.326313,0.0
19503,GBP/USD,2021-12-17,1.332427,1.334045,1.325768,1.332374,0.0
19504,GBP/USD,2021-12-20,1.322996,1.324345,1.317402,1.322944,0.0
19505,GBP/USD,2021-12-21,1.320987,1.326119,1.319975,1.321,0.0
19506,GBP/USD,2021-12-22,1.326999,1.336237,1.324135,1.326964,0.0
19507,GBP/USD,2021-12-23,1.335203,1.343725,1.334508,1.335203,0.0
19508,GBP/USD,2021-12-24,1.340914,1.34257,1.339405,1.340662,0.0
19509,GBP/USD,2021-12-27,1.34052,1.34407,1.339226,1.34043,0.0
19510,GBP/USD,2021-12-28,1.344447,1.346257,1.341832,1.344267,0.0
19511,GBP/USD,2021-12-29,1.3434,1.349928,1.340914,1.343328,0.0
19512,GBP/USD,2021-12-30,1.349764,1.352155,1.345533,1.349879,0.0
19513,GBP/USD,2021-12-31,1.349892,1.354848,1.346747,1.349837,0.0
19514,GBP/USD,2022-01-03,1.352228,1.35318,1.343274,1.352228,0.0
19515,GBP/USD,2022-01-04,1.348279,1.355675,1.346076,1.348327,0.0
19516,GBP/USD,2022-01-05,1.353052,1.357331,1.352265,1.353143,0.0
19517,GBP/USD,2022-01-06,1.355546,1.355748,1.349109,1.355565,0.0
19518,GBP/USD,2022-01-07,1.3534,1.358345,1.352942,1.353363,0.0
19519,GBP/USD,2022-01-10,1.359083,1.360193,1.353418,1.359231,0.0
19520,GBP/USD,2022-01-11,1.35817,1.362416,1.356282,1.358031,0.0
19521,GBP/USD,2022-01-12,1.363401,1.369938,1.362212,1.363327,0.0
19522,GBP/USD,2022-01-13,1.370689,1.374949,1.370558,1.370999,0.0
19523,GBP/USD,2022-01-14,1.371291,1.374193,1.36677,1.371366,0.0
19524,GBP/USD,2022-01-17,1.367353,1.368899,1.363866,1.367353,0.0
19525,GBP/USD,2022-01-18,1.3648,1.36612,1.357626,1.3648,0.0
19526,GBP/USD,2022-01-19,1.360082,1.364815,1.358936,1.360026,0.0
19527,GBP/USD,2022-01-20,1.360952,1.366158,1.360156,1.360859,0.0
19528,GBP/USD,2022-01-21,1.360026,1.360359,1.354757,1.359767,0.0
19529,GBP/USD,2022-01-24,1.355491,1.356668,1.344303,1.355583,0.0
19530,GBP/USD,2022-01-25,1.348981,1.350056,1.343707,1.348927,0.0
19531,GBP/USD,2022-01-26,1.351041,1.352448,1.349418,1.351078,0.0
19532,GBP/USD,2022-01-27,1.346783,1.346783,1.336059,1.346801,0.0
19533,GBP/USD,2022-01-28,1.338849,1.343201,1.336559,1.338832,0.0
19534,GBP/USD,2022-01-31,1.340213,1.345424,1.339531,1.340339,0.0
19535,GBP/USD,2022-02-01,1.344267,1.351406,1.34358,1.344538,0.0
19536,GBP/USD,2022-02-02,1.352393,1.358493,1.351717,1.352539,0.0
19537,GBP/USD,2022-02-03,1.356447,1.362546,1.353913,1.356502,0.0
19538,GBP/USD,2022-02-04,1.359619,1.361656,1.350804,1.359841,0.0
19539,GBP/USD,2022-02-07,1.353363,1.355032,1.349182,1.353345,0.0
19540,GBP/USD,2022-02-08,1.35384,1.356668,1.350986,1.353781,0.0
19541,GBP/USD,2022-02-09,1.354812,1.358825,1.353821,1.354757,0.0
19542,GBP/USD,2022-02-10,1.3534,1.364331,1.352539,1.353327,0.0
19543,GBP/USD,2022-02-11,1.354977,1.360878,1.351534,1.355179,0.0
19544,GBP/USD,2022-02-14,1.357018,1.35722,1.349582,1.356963,0.0
19545,GBP/USD,2022-02-15,1.353327,1.356686,1.349018,1.35329,0.0
19546,GBP/USD,2022-02-16,1.354115,1.358991,1.353913,1.354115,0.0
19547,GBP/USD,2022-02-17,1.358234,1.363643,1.355803,1.358493,0.0
19548,GBP/USD,2022-02-18,1.361544,1.36407,1.357442,1.361878,0.0
19549,GBP/USD,2022-02-21,1.359179,1.363829,1.358714,1.359342,0.0
19550,GBP/USD,2022-02-22,1.359527,1.360544,1.354005,1.359601,0.0
19551,GBP/USD,2022-02-23,1.359083,1.361953,1.354922,1.358936,0.0
19552,GBP/USD,2022-02-24,1.354463,1.354738,1.327598,1.354573,0.0
19553,GBP/USD,2022-02-25,1.33722,1.343905,1.336898,1.337327,0.0
19554,GBP/USD,2022-02-28,1.337006,1.343111,1.334258,1.337327,0.0
19555,GBP/USD,2022-03-01,1.342282,1.343725,1.331203,1.342282,0.0
19556,GBP/USD,2022-03-02,1.333333,1.337095,1.327404,1.333511,0.0
19557,GBP/USD,2022-03-03,1.339728,1.341796,1.332037,1.339692,0.0
19558,GBP/USD,2022-03-04,1.335131,1.335131,1.320533,1.335096,0.0
19559,GBP/USD,2022-03-07,1.321248,1.322594,1.310393,1.321248,0.0
19560,GBP/USD,2022-03-08,1.311407,1.314285,1.30837,1.31123,0.0
19561,GBP/USD,2022-03-09,1.310255,1.318235,1.309929,1.309929,0.0
19562,GBP/USD,2022-03-10,1.318844,1.31947,1.310736,1.318565,0.0
19563,GBP/USD,2022-03-11,1.310307,1.312491,1.305244,1.310324,0.0
19564,GBP/USD,2022-03-14,1.304955,1.307873,1.30105,1.30503,0.0
19565,GBP/USD,2022-03-15,1.301084,1.308866,1.300136,1.301185,0.0
19566,GBP/USD,2022-03-16,1.3045,1.311441,1.303662,1.304649,0.0
19567,GBP/USD,2022-03-17,1.314078,1.321109,1.308952,1.314112,0.0
19568,GBP/USD,2022-03-18,1.316049,1.318166,1.3112,1.316041,0.0
19569,GBP/USD,2022-03-21,1.316067,1.320987,1.312836,1.316084,0.0
19570,GBP/USD,2022-03-22,1.316794,1.327246,1.312095,1.316829,0.0
19571,GBP/USD,2022-03-23,1.326964,1.329893,1.317627,1.326647,0.0
19572,GBP/USD,2022-03-24,1.320655,1.321475,1.315789,1.320603,0.0
19573,GBP/USD,2022-03-25,1.319592,1.322559,1.31617,1.319575,0.0
19574,GBP/USD,2022-03-28,1.317697,1.317888,1.306865,1.317627,0.0
19575,GBP/USD,2022-03-29,1.309998,1.315928,1.305227,1.310358,0.0
19576,GBP/USD,2022-03-30,1.309295,1.318061,1.309158,1.30938,0.0
19577,GBP/USD,2022-03-31,1.313681,1.317089,1.31096,1.313888,0.0
19578,GBP/USD,2022-04-01,1.314579,1.314613,1.308866,1.3147,0.0
19579,GBP/USD,2022-04-04,1.310513,1.313629,1.309518,1.310376,0.0
19580,GBP/USD,2022-04-05,1.311303,1.31669,1.310049,1.311458,0.0
19581,GBP/USD,2022-04-06,1.307634,1.310685,1.304665,1.307737,0.0
19582,GBP/USD,2022-04-07,1.307172,1.310668,1.3055,1.307207,0.0
19583,GBP/USD,2022-04-08,1.306865,1.307873,1.298482,1.306933,0.0
19584,GBP/USD,2022-04-11,1.302948,1.305756,1.298988,1.30322,0.0
19585,GBP/USD,2022-04-12,1.302355,1.305364,1.299697,1.302423,0.0
19586,GBP/USD,2022-04-13,1.300349,1.307155,1.297438,1.300255,0.0
19587,GBP/USD,2022-04-14,1.312215,1.314752,1.303815,1.312026,0.0
19588,GBP/USD,2022-04-15,1.306165,1.307668,1.305279,1.307002,0.0
19589,GBP/USD,2022-04-18,1.305773,1.305773,1.300796,1.305756,0.0
19590,GBP/USD,2022-04-19,1.300762,1.303985,1.29833,1.300982,0.0
19591,GBP/USD,2022-04-20,1.301575,1.306677,1.299798,1.301372,0.0
19592,GBP/USD,2022-04-21,1.306814,1.308832,1.302423,1.306882,0.0
19593,GBP/USD,2022-04-22,1.302406,1.303373,1.284076,1.302626,0.0
19594,GBP/USD,2022-04-25,1.282907,1.282972,1.269906,1.283088,0.0
19595,GBP/USD,2022-04-26,1.273723,1.277237,1.261304,1.273999,0.0
19596,GBP/USD,2022-04-27,1.258447,1.260081,1.250391,1.2584,0.0
19597,GBP/USD,2022-04-28,1.253966,1.256676,1.241403,1.254186,0.0
19598,GBP/USD,2022-04-29,1.246805,1.258352,1.246727,1.246385,0.0
19599,GBP/USD,2022-05-02,1.257379,1.259636,1.250531,1.257387,0.0
19600,GBP/USD,2022-05-03,1.250109,1.256644,1.24938,1.249828,0.0
19601,GBP/USD,2022-05-04,1.249938,1.253761,1.246743,1.250041,0.0
19602,GBP/USD,2022-05-05,1.261893,1.263169,1.232757,1.261814,0.0
19603,GBP/USD,2022-05-06,1.236644,1.238022,1.22777,1.236415,0.0
19604,GBP/USD,2022-05-09,1.232894,1.240495,1.226212,1.232666,0.0
19605,GBP/USD,2022-05-10,1.233487,1.237471,1.229377,1.233882,0.0
19606,GBP/USD,2022-05-11,1.230754,1.239803,1.228199,1.230921,0.0
19607,GBP/USD,2022-05-12,1.223466,1.224815,1.217137,1.223421,0.0
19608,GBP/USD,2022-05-13,1.220435,1.224515,1.215717,1.220614,0.0
19609,GBP/USD,2022-05-16,1.226151,1.229725,1.221896,1.225851,0.0
19610,GBP/USD,2022-05-17,1.232711,1.249812,1.23221,1.232483,0.0
19611,GBP/USD,2022-05-18,1.249048,1.250062,1.237425,1.248439,0.0
19612,GBP/USD,2022-05-19,1.234766,1.25227,1.234065,1.234583,0.0
19613,GBP/USD,2022-05-20,1.246556,1.249875,1.243967,1.246215,0.0
19614,GBP/USD,2022-05-23,1.250688,1.260112,1.250125,1.250406,0.0
19615,GBP/USD,2022-05-24,1.256771,1.259684,1.247272,1.256755,0.0
19616,GBP/USD,2022-05-25,1.254154,1.255792,1.248424,1.254296,0.0
19617,GBP/USD,2022-05-26,1.258701,1.262116,1.255304,1.25861,0.0
19618,GBP/USD,2022-05-27,1.261862,1.266624,1.258717,1.261734,0.0
19619,GBP/USD,2022-05-30,1.262515,1.266031,1.261766,1.262834,0.0
19620,GBP/USD,2022-05-31,1.264526,1.264846,1.25625,1.264702,0.0
19621,GBP/USD,2022-06-01,1.26097,1.261686,1.246013,1.260891,0.0
19622,GBP/USD,2022-06-02,1.248424,1.25696,1.247038,1.248315,0.0
19623,GBP/USD,2022-06-03,1.257782,1.259002,1.249453,1.257925,0.0
19624,GBP/USD,2022-06-06,1.248829,1.257703,1.247988,1.24923,0.0
19625,GBP/USD,2022-06-07,1.252317,1.259446,1.243441,1.252348,0.0
19626,GBP/USD,2022-06-08,1.258606,1.258986,1.251502,1.258732,0.0
19627,GBP/USD,2022-06-09,1.254217,1.255398,1.249297,1.254029,0.0
19628,GBP/USD,2022-06-10,1.249375,1.251815,1.231557,1.249297,0.0
19629,GBP/USD,2022-06-13,1.227807,1.230012,1.212768,1.227491,0.0
19630,GBP/USD,2022-06-14,1.214403,1.220271,1.199256,1.214477,0.0
19631,GBP/USD,2022-06-15,1.201345,1.212533,1.199213,1.201259,0.0
19632,GBP/USD,2022-06-16,1.218145,1.234492,1.205037,1.217434,0.0
19633,GBP/USD,2022-06-17,1.235025,1.235025,1.217404,1.235483,0.0
19634,GBP/USD,2022-06-20,1.222823,1.227777,1.220063,1.222823,0.0
19635,GBP/USD,2022-06-21,1.22501,1.231922,1.22492,1.225175,0.0
19636,GBP/USD,2022-06-22,1.226407,1.231467,1.216856,1.226663,0.0
19637,GBP/USD,2022-06-23,1.225325,1.229468,1.217182,1.225085,0.0
19638,GBP/USD,2022-06-24,1.226196,1.231679,1.22435,1.226076,0.0
19639,GBP/USD,2022-06-27,1.228803,1.233076,1.223975,1.228245,0.0
19640,GBP/USD,2022-06-28,1.226753,1.229105,1.218769,1.226738,0.0
19641,GBP/USD,2022-06-29,1.218635,1.221225,1.210683,1.218977,0.0
19642,GBP/USD,2022-06-30,1.213106,1.218621,1.209438,1.21318,0.0
19643,GBP/USD,2022-07-01,1.215998,1.216205,1.198064,1.216086,0.0
19644,GBP/USD,2022-07-04,1.21058,1.216515,1.208634,1.210273,0.0
19645,GBP/USD,2022-07-05,1.211402,1.212606,1.190051,1.211446,0.0
19646,GBP/USD,2022-07-06,1.194957,1.198638,1.187761,1.194914,0.0
19647,GBP/USD,2022-07-07,1.191895,1.202183,1.191001,1.192321,0.0
19648,GBP/USD,2022-07-08,1.203196,1.205531,1.192194,1.202805,0.0
19649,GBP/USD,2022-07-11,1.201779,1.201995,1.186944,1.201663,0.0
19650,GBP/USD,2022-07-12,1.189994,1.191214,1.181126,1.190094,0.0
19651,GBP/USD,2022-07-13,1.188269,1.195943,1.18353,1.187775,0.0
19652,GBP/USD,2022-07-14,1.186197,1.188411,1.176318,1.18638,0.0
19653,GBP/USD,2022-07-15,1.183866,1.187366,1.180596,1.183964,0.0
19654,GBP/USD,2022-07-18,1.188792,1.203022,1.18755,1.188834,0.0
19655,GBP/USD,2022-07-19,1.195072,1.204282,1.192933,1.194829,0.0
19656,GBP/USD,2022-07-20,1.200423,1.203659,1.195829,1.200351,0.0
19657,GBP/USD,2022-07-21,1.196616,1.200235,1.189301,1.197175,0.0
19658,GBP/USD,2022-07-22,1.199688,1.206418,1.192023,1.199616,0.0
19659,GBP/USD,2022-07-25,1.198423,1.208313,1.196215,1.198696,0.0
19660,GBP/USD,2022-07-26,1.205764,1.209219,1.196544,1.205516,0.0
19661,GBP/USD,2022-07-27,1.203818,1.208664,1.202227,1.203688,0.0
19662,GBP/USD,2022-07-28,1.216663,1.219051,1.210449,1.216308,0.0
19663,GBP/USD,2022-07-29,1.217448,1.22426,1.206709,1.217345,0.0
19664,GBP/USD,2022-08-01,1.216782,1.229196,1.216486,1.216737,0.0
19665,GBP/USD,2022-08-02,1.225956,1.227838,1.218175,1.225415,0.0
19666,GBP/USD,2022-08-03,1.214786,1.220733,1.210156,1.2143,0.0
19667,GBP/USD,2022-08-04,1.213946,1.219512,1.207175,1.213828,0.0
19668,GBP/USD,2022-08-05,1.215924,1.216752,1.200769,1.21585,0.0
19669,GBP/USD,2022-08-08,1.206389,1.213519,1.204863,1.205953,0.0
19670,GBP/USD,2022-08-09,1.208503,1.21293,1.206826,1.208474,0.0
19671,GBP/USD,2022-08-10,1.207263,1.227446,1.206724,1.207423,0.0
19672,GBP/USD,2022-08-11,1.221285,1.22489,1.218294,1.2213,0.0
19673,GBP/USD,2022-08-12,1.219661,1.221001,1.210361,1.219616,0.0
19674,GBP/USD,2022-08-15,1.212989,1.214772,1.205124,1.212797,0.0
19675,GBP/USD,2022-08-16,1.20556,1.211637,1.200942,1.205691,0.0
19676,GBP/USD,2022-08-17,1.209673,1.213813,1.202993,1.209819,0.0
19677,GBP/USD,2022-08-18,1.204587,1.207817,1.196888,1.204515,0.0
19678,GBP/USD,2022-08-19,1.193374,1.193374,1.179329,1.193275,0.0
19679,GBP/USD,2022-08-22,1.181768,1.183852,1.17426,1.18181,0.0
19680,GBP/USD,2022-08-23,1.176706,1.187324,1.172003,1.176651,0.0
19681,GBP/USD,2022-08-24,1.183152,1.186535,1.175876,1.183278,0.0
19682,GBP/USD,2022-08-25,1.179023,1.186296,1.178592,1.179176,0.0
19683,GBP/USD,2022-08-26,1.182592,1.190009,1.175309,1.182401,0.0
19684,GBP/USD,2022-08-29,1.16918,1.17426,1.164958,1.169454,0.0
19685,GBP/USD,2022-08-30,1.172127,1.175807,1.162304,1.172251,0.0
19686,GBP/USD,2022-08-31,1.166086,1.169454,1.160025,1.165977,0.0
19687,GBP/USD,2022-09-01,1.159689,1.16171,1.150324,1.159851,0.0
19688,GBP/USD,2022-09-02,1.154734,1.158856,1.153136,1.154894,0.0
19689,GBP/USD,2022-09-05,1.147855,1.152074,1.144518,1.14746,0.0
19690,GBP/USD,2022-09-06,1.156885,1.160766,1.149624,1.156644,0.0
19691,GBP/USD,2022-09-07,1.151278,1.152366,1.140953,1.151185,0.0
19692,GBP/USD,2022-09-08,1.152246,1.156016,1.146158,1.151981,0.0
19693,GBP/USD,2022-09-09,1.152047,1.164863,1.151662,1.15216,0.0
19694,GBP/USD,2022-09-12,1.161805,1.171125,1.160174,1.16194,0.0
19695,GBP/USD,2022-09-13,1.168975,1.173764,1.152034,1.168975,0.0
19696,GBP/USD,2022-09-14,1.150351,1.158937,1.148079,1.150616,0.0
19697,GBP/USD,2022-09-15,1.154294,1.154868,1.146986,1.154494,0.0
19698,GBP/USD,2022-09-16,1.145475,1.148066,1.135267,1.145265,0.0
19699,GBP/USD,2022-09-19,1.143641,1.144165,1.135576,1.143314,0.0
19700,GBP/USD,2022-09-20,1.144846,1.14604,1.138395,1.144322,0.0
19701,GBP/USD,2022-09-21,1.138071,1.138563,1.130621,1.138058,0.0
19702,GBP/USD,2022-09-22,1.125518,1.136286,1.121315,1.125594,0.0
19703,GBP/USD,2022-09-23,1.126304,1.127345,1.089859,1.126418,0.0
19704,GBP/USD,2022-09-26,1.079914,1.09156,1.037904,1.079739,0.0
19705,GBP/USD,2022-09-27,1.077006,1.083541,1.073849,1.077284,0.0
19706,GBP/USD,2022-09-28,1.072846,1.083964,1.054163,1.072754,0.0
19707,GBP/USD,2022-09-29,1.083459,1.106562,1.076449,1.0836,0.0
19708,GBP/USD,2022-09-30,1.116184,1.123394,1.102682,1.116944,0.0
19709,GBP/USD,2022-10-03,1.113648,1.133234,1.108795,1.114057,0.0
19710,GBP/USD,2022-10-04,1.133967,1.144597,1.128222,1.133414,0.0
19711,GBP/USD,2022-10-05,1.145056,1.149491,1.122776,1.145134,0.0
19712,GBP/USD,2022-10-06,1.135589,1.138343,1.112038,1.135538,0.0
19713,GBP/USD,2022-10-07,1.11652,1.122372,1.109201,1.116208,0.0
19714,GBP/USD,2022-10-10,1.107444,1.111086,1.102354,1.107273,0.0
19715,GBP/USD,2022-10-11,1.107849,1.117131,1.100183,1.107641,0.0
19716,GBP/USD,2022-10-12,1.09678,1.109866,1.092645,1.09678,0.0
19717,GBP/USD,2022-10-13,1.109927,1.136196,1.105828,1.110556,0.0
19718,GBP/USD,2022-10-14,1.130148,1.135873,1.116196,1.130391,0.0
19719,GBP/USD,2022-10-17,1.123873,1.143864,1.121705,1.124417,0.0
19720,GBP/USD,2022-10-18,1.135525,1.141201,1.125809,1.135396,0.0
19721,GBP/USD,2022-10-19,1.133954,1.134984,1.122246,1.13443,0.0
19722,GBP/USD,2022-10-20,1.120951,1.133324,1.117368,1.121101,0.0
19723,GBP/USD,2022-10-21,1.122536,1.129318,1.106378,1.122146,0.0
19724,GBP/USD,2022-10-24,1.133645,1.13798,1.127485,1.134469,0.0
19725,GBP/USD,2022-10-25,1.130544,1.149954,1.12737,1.130774,0.0
19726,GBP/USD,2022-10-26,1.146066,1.162358,1.143419,1.146224,0.0
19727,GBP/USD,2022-10-27,1.163345,1.164415,1.155095,1.163819,0.0
19728,GBP/USD,2022-10-28,1.156738,1.160012,1.150616,1.156604,0.0
19729,GBP/USD,2022-10-31,1.160079,1.161332,1.147987,1.159595,0.0
19730,GBP/USD,2022-11-01,1.147184,1.156524,1.144675,1.146815,0.0
19731,GBP/USD,2022-11-02,1.149214,1.152738,1.145856,1.14895,0.0
19732,GBP/USD,2022-11-03,1.138226,1.142178,1.116258,1.138433,0.0
19733,GBP/USD,2022-11-04,1.117081,1.133376,1.116333,1.117119,0.0
19734,GBP/USD,2022-11-07,1.133787,1.148317,1.129535,1.133157,0.0
19735,GBP/USD,2022-11-08,1.151344,1.159757,1.143131,1.151795,0.0
19736,GBP/USD,2022-11-09,1.154881,1.156685,1.135925,1.155268,0.0
19737,GBP/USD,2022-11-10,1.136906,1.168279,1.136506,1.136816,0.0
19738,GBP/USD,2022-11-11,1.169919,1.179997,1.16489,1.169563,0.0
19739,GBP/USD,2022-11-14,1.179746,1.18283,1.171193,1.179913,0.0
19740,GBP/USD,2022-11-15,1.175254,1.200408,1.174288,1.17525,0.0
19741,GBP/USD,2022-11-16,1.188114,1.194144,1.18325,1.188044,0.0
19742,GBP/USD,2022-11-17,1.191895,1.195572,1.176471,1.191526,0.0
19743,GBP/USD,2022-11-18,1.185944,1.195,1.18593,1.186015,0.0
19744,GBP/USD,2022-11-21,1.188665,1.188764,1.178051,1.188637,0.0
19745,GBP/USD,2022-11-22,1.182452,1.190221,1.182313,1.18276,0.0
19746,GBP/USD,2022-11-23,1.189895,1.207832,1.187338,1.189457,0.0
19747,GBP/USD,2022-11-24,1.207846,1.215421,1.206054,1.20735,0.0
19748,GBP/USD,2022-11-25,1.21102,1.213001,1.206185,1.211343,0.0
19749,GBP/USD,2022-11-28,1.206054,1.211798,1.20227,1.205473,0.0
19750,GBP/USD,2022-11-29,1.196315,1.206374,1.195486,1.196029,0.0
19751,GBP/USD,2022-11-30,1.194386,1.202747,1.190377,1.194686,0.0
19752,GBP/USD,2022-12-01,1.207554,1.229695,1.207365,1.20775,0.0
19753,GBP/USD,2022-12-02,1.225445,1.229649,1.213916,1.225926,0.0
19754,GBP/USD,2022-12-05,1.229755,1.234476,1.216545,1.229725,0.0
19755,GBP/USD,2022-12-06,1.219363,1.226332,1.215894,1.219245,0.0
19756,GBP/USD,2022-12-07,1.213386,1.222374,1.210786,1.213301,0.0
19757,GBP/USD,2022-12-08,1.221344,1.224665,1.215643,1.22124,0.0
19758,GBP/USD,2022-12-09,1.223481,1.232347,1.222285,1.223601,0.0
19759,GBP/USD,2022-12-12,1.223676,1.230012,1.221344,1.223915,0.0
19760,GBP/USD,2022-12-13,1.227009,1.244153,1.225145,1.227084,0.0
19761,GBP/USD,2022-12-14,1.235559,1.242205,1.234385,1.235666,0.0
19762,GBP/USD,2022-12-15,1.241928,1.242545,1.220435,1.241943,0.0
19763,GBP/USD,2022-12-16,1.219126,1.222255,1.212239,1.218918,0.0
19764,GBP/USD,2022-12-19,1.216072,1.224155,1.212342,1.216027,0.0
19765,GBP/USD,2022-12-20,1.2156,1.221926,1.208693,1.215333,0.0
19766,GBP/USD,2022-12-21,1.218918,1.219036,1.207103,1.218918,0.0
19767,GBP/USD,2022-12-22,1.207729,1.214624,1.199429,1.20774,0.0
19768,GBP/USD,2022-12-23,1.203891,1.209014,1.202053,1.203992,0.0
19769,GBP/USD,2022-12-26,1.206001,1.209614,1.2054,1.206001,0.0
19770,GBP/USD,2022-12-27,1.208357,1.211226,1.200336,1.208415,0.0
19771,GBP/USD,2022-12-28,1.202776,1.212415,1.200336,1.202733,0.0
19772,GBP/USD,2022-12-29,1.203297,1.207584,1.201548,1.202848,0.0
19773,GBP/USD,2022-12-30,1.205662,1.210683,1.201273,1.205633,0.0
